cohesion_kpa,friction_deg,slope_angle_deg,pore_pressure_ratio,density_kg_m3,charge_weight_kg,distance_m,burden_m,spacing_m,joint_spacing_m,joint_dip_deg,joint_persistence_pct,displacement_m,ppv_mm_s,damage_zone_m,fos_static,fos_method_a,fos_method_b
547.3,37.225,42.1,0.118975133020526,2672.08023374566,2627.99619799241,9.935,6.908,2.008,2.54623230623259,62.3,99.82,0.050996,325.47,0.382,2.49,0.794,0.747
716.0,34.195,65.89,0.25231430448262,2033.94888553725,3436.73590051966,32.79,2.774,8.52,0.595951825299065,81.1,77.02,0.007673,214.8,0.053,3.0,1.34,1.141
548.7,31.255,47.14,0.386189064879817,2751.93983212361,2098.05587596754,13.855,2.768,4.576,2.00854135679979,48.4,69.52,0.038662,375.68,0.261,2.044,0.876,0.658
148.3,31.06,63.28,0.212952844821353,2611.7994103989,2604.96473483547,12.77,5.324,3.28,4.724153316947,36.15,80.68,0.127741,320.1,0.896,0.839,0.5,0.5
651.599999999999,28.12,54.82,0.187885103042954,2179.13752094414,784.187650230908,27.015,5.462,6.576,2.4341178160224,54.75,53.02,0.013299,264.56,0.084,3.0,1.134,1.164
478.7,31.375,45.43,0.373357284657662,2663.23722679173,4634.859714406,9.725,6.608,9.032,3.24100731779688,47.8,91.12,0.059892,385.15,0.436,1.903,0.741,0.571
387.7,28.405,40.72,0.317056809179391,2577.92658762516,3780.80718273714,26.805,5.666,6.248,3.79231609027829,61.9,87.28,0.012277,372.02,0.088,1.721,1.154,0.516
319.799999999999,31.975,52.96,0.399680663661853,2871.27074467314,1649.68921897645,7.485,2.174,4.792,1.10546369794917,36.65,47.56,0.278808,486.94,1.726,1.267,0.5,0.5
797.9,31.69,46.27,0.369667609034623,2677.39785559904,3570.69913336609,30.095,7.37,4.672,3.39304675456641,55.8,92.92,0.007251,210.72,0.053,2.906,1.365,0.944
244.9,32.62,47.62,0.216364513801439,2831.45243951613,2267.04131288561,17.215,2.744,6.288,4.996850719444,61.3,85.84,0.041348,394.17,0.295,1.195,0.858,0.5
310.7,36.835,44.77,0.186412591151021,2513.8660638895,4755.07224397416,15.5,2.528,8.81599999999999,0.800568555794462,63.05,92.02,0.040689,379.56,0.297,1.664,0.862,0.5
407.3,39.415,53.68,0.101843647434174,2154.98565045411,4441.4839745964,16.795,7.676,5.232,2.91249138694741,40.0,68.8,0.043778,365.09,0.294,2.225,0.841,0.723
742.599999999999,33.355,45.85,0.183887853835877,2047.52006802117,1254.19615146969,15.43,7.91,3.84,4.29105782425728,35.65,91.36,0.020683,404.88,0.151,3.0,0.995,0.9
631.3,35.545,62.2,0.342641503389724,2798.69665082387,2943.91011679291,5.98,3.74,7.064,1.74181698098705,72.15,51.16,0.238681,428.69,1.499,2.57,0.5,0.771
237.9,36.25,48.61,0.376290529382767,2176.6909377381,994.443214637801,6.12,3.644,9.272,4.24638735391114,45.8,87.82,0.319172,404.16,2.297,1.339,0.5,0.5
395.4,35.56,57.31,0.109743246415138,2544.61812824045,618.511976154504,33.28,5.606,9.008,1.29932715467214,55.7,50.5,0.015551,221.43,0.097,1.86,1.089,0.74
263.799999999999,37.855,68.62,0.232657114981318,2003.59865848419,1280.84118731333,7.065,2.918,5.064,3.09749660862364,57.4,45.64,0.413624,436.28,2.54,1.881,0.5,0.564
322.6,36.76,69.55,0.108366456985889,2832.14085702038,555.29843667404,26.595,7.136,4.504,4.96405902504098,47.5,96.4,0.014525,203.42,0.108,1.726,1.109,0.518
297.4,27.73,58.06,0.140476730683301,2469.96322253944,3068.01247538871,36.22,5.39,3.64,4.58556506532664,48.75,98.8,0.00716,193.11,0.053,1.421,1.37,0.856
592.099999999999,37.45,69.37,0.112136609240368,2694.11483682473,1875.17201300297,37.2,3.512,2.112,4.60844603619281,80.1,55.24,0.009071,285.56,0.058,3.0,1.256,1.37
693.599999999999,27.76,40.45,0.171747012788728,2181.11347352124,2324.22892423801,9.305,4.91,8.136,4.02837876696452,68.15,86.74,0.049084,377.11,0.352,3.0,0.806,0.9
780.4,38.125,51.7,0.156113962456365,2259.09717649377,1467.53817341226,13.365,3.296,3.208,3.73802928845026,56.5,78.82,0.033824,325.38,0.236,3.0,0.908,0.9
712.5,33.085,43.3,0.314188500031654,2255.55680126245,3743.91921414152,36.885,4.292,8.84799999999999,0.530454866411958,75.0,68.5,0.0073,226.5,0.049,3.0,1.362,1.231
336.6,33.145,66.16,0.135525722404937,2314.83598012051,2915.26756115801,14.625,4.826,8.208,3.79620557987601,67.95,75.64,0.051042,422.84,0.352,1.92,0.794,0.576
404.5,39.13,44.8,0.222233637606511,2243.37015870025,1633.28148659845,38.915,2.336,4.464,2.92654718690175,65.3,56.38,0.011619,228.0,0.074,2.169,1.168,0.812
565.5,31.27,61.09,0.147940123258748,2493.18812115972,3495.43457136145,31.04,7.928,2.824,4.13982159063934,69.85,98.92,0.006216,190.82,0.046,2.562,1.427,1.543
370.9,35.65,68.74,0.228548376933402,2056.08849250205,2834.00717834946,25.055,5.33,2.808,2.5694670031748,76.25,68.98,0.020776,390.7,0.14,2.483,0.995,0.805
261.7,25.75,41.71,0.118423276470908,2435.70096913146,3984.56118218885,19.07,2.486,6.504,1.47072549404675,65.65,82.3,0.02923,394.22,0.206,1.396,0.938,0.5
753.099999999999,39.925,69.46,0.24209188513738,2809.11323804584,3452.28414968561,33.245,2.228,6.4,2.81568813833732,49.25,61.06,0.009923,227.2,0.065,3.0,1.205,1.309
303.0,37.315,55.87,0.272763555162719,2372.09444296075,3003.40771908292,19.805,6.89,8.672,1.03254965099743,47.45,59.56,0.043853,426.71,0.285,1.544,0.841,0.559
300.2,26.575,64.06,0.298995263697296,2341.47347177078,1819.44686122337,14.8,7.172,2.36,3.69408817970948,75.55,87.7599999999999,0.038718,369.64,0.279,1.555,0.875,0.5
314.9,28.48,48.64,0.301429975222808,2686.57161268947,1877.53330726537,12.91,3.038,4.96,1.15132436613066,57.3,76.78,0.059662,390.85,0.413,1.337,0.742,0.5
186.8,30.4,66.64,0.383116200360238,2251.3850977286,1643.20202956953,5.14,7.286,2.664,4.47676253071001,36.3,85.12,0.523192,282.79,3.729,1.124,0.5,0.5
115.4,39.865,62.92,0.154541824649618,2104.90756647392,822.507083150731,21.03,7.616,6.456,3.91679753642507,60.05,97.3,0.051167,212.77,0.38,0.935,0.793,0.5
653.699999999999,39.565,66.4,0.275219501646823,2470.01215447469,4165.39052975947,11.195,5.174,2.776,3.3471483560015,63.55,81.64,0.051224,392.28,0.361,3.0,0.793,0.9
189.6,35.26,52.57,0.336746085566051,2024.45606998421,4387.35795290009,9.795,2.63,3.832,3.49917456994381,71.2,48.7,0.2775,399.04,1.725,1.183,0.5,0.5
199.4,25.855,40.3,0.209681957760115,2490.45565675278,2666.24268826448,13.19,2.624,2.176,1.4527092392094,63.8,67.24,0.098598,384.33,0.659,1.141,0.508,0.5
677.5,39.97,41.8,0.223012938336465,2994.36097389694,521.345662386319,32.405,3.374,9.928,2.26817975434439,66.0,67.66,0.008914,251.85,0.06,2.662,1.265,1.1
427.6,29.515,47.71,0.322123376556373,2404.32004960103,4878.88656233665,5.105,3.158,8.68799999999999,2.33713516734719,80.45,60.34,0.350798,468.69,2.283,1.867,0.5,0.56
589.3,31.675,59.8,0.194496994184496,2279.79579266943,3096.99948030762,6.33,2.6,7.448,4.9062046161928,81.6,45.76,0.219264,374.22,1.347,2.815,0.5,0.844
321.9,32.155,67.33,0.101204563928558,2438.70624222715,4213.02269052165,31.11,3.032,8.984,1.59956403926522,57.35,80.74,0.012737,398.33,0.089,1.812,1.145,0.544
317.0,37.3,52.54,0.16563415617276,2282.37558295264,3551.68878991769,15.465,2.288,4.31199999999999,3.91121488373485,79.1,43.18,0.080476,488.33,0.489,1.709,0.617,0.608
489.9,33.745,60.49,0.137652979748622,2756.62007275592,4902.54042449196,21.135,7.838,6.784,0.736091876872083,84.15,83.9799999999999,0.018039,400.01,0.128,2.087,1.039,0.626
127.3,38.08,41.26,0.231406007060355,2147.50267902322,1064.45247017373,16.62,6.344,3.784,3.46176313700369,49.2,42.4,0.163784,292.02,0.993,1.194,0.5,0.5
685.199999999999,28.495,67.5099999999999,0.126293368946389,2133.3376151714,2986.00416094793,14.765,2.348,8.728,1.39763099225096,77.3,87.16,0.022393,349.19,0.161,3.0,0.984,0.9
720.9,37.405,43.51,0.320586132733278,2862.52439026932,4499.4325557001,11.79,6.824,6.088,2.53778903515327,49.55,54.28,0.060905,470.35,0.387,2.69,0.735,0.822
232.3,25.105,47.86,0.249979940760521,2872.64399954323,3331.51351759531,13.575,4.79,6.744,3.89429485930648,37.5,90.58,0.055025,337.75,0.4,1.008,0.77,0.5
259.6,35.35,57.73,0.331352560708877,2127.86073058325,3991.06408673186,35.31,7.424,3.472,1.29638378528896,81.4,82.12,0.012412,227.34,0.088,1.447,1.152,0.5
399.6,37.255,44.98,0.149400163987522,2679.86550712589,937.991999342267,19.595,7.49,7.312,1.12794148959699,78.9,74.14,0.028895,221.55,0.198,1.914,0.941,0.581
440.2,37.735,43.75,0.247199857888079,2254.16949274668,4304.33482046267,21.415,5.906,3.96,2.92522096430027,74.25,46.42,0.033779,410.48,0.208,2.269,0.908,0.94
158.8,27.37,53.14,0.339892903894055,2927.54163421466,998.354435550135,8.535,2.276,2.88,0.662799889416269,55.05,66.7,0.303853,331.1,2.026,0.736,0.5,0.5
345.7,27.145,47.98,0.397440043271801,2464.96217254847,516.398785017047,19.105,4.28,7.8,4.51595991309538,56.45,73.24,0.026307,187.93,0.18,1.476,0.958,0.837
759.4,31.615,66.49,0.277824925863609,2640.02007119777,2334.48641281857,13.505,2.564,9.568,0.848131084671034,74.55,72.7599999999999,0.032062,436.86,0.219,3.0,0.92,0.927
441.6,38.275,59.59,0.389314265536632,2082.33089802485,3431.68267465987,12.315,6.494,3.136,2.05379854825649,38.45,62.62,0.076583,333.02,0.503,2.346,0.641,0.704
683.8,32.8,56.14,0.265138533446734,2627.74747093813,3124.63623355616,33.525,6.794,7.2,2.33374795440495,67.25,76.72,0.007836,236.74,0.054,2.707,1.33,1.033
316.299999999999,38.95,57.1,0.340903022098598,2992.27214513723,3272.83967218299,8.605,4.154,5.88,1.84059468364539,84.7,69.46,0.177986,344.39,1.199,1.329,0.5,0.5
423.4,35.86,49.9,0.312455274842348,2094.77096717995,3185.03695591862,12.595,3.476,6.592,3.52552624515969,71.1,44.44,0.089718,396.57,0.548,2.161,0.562,0.756
116.8,33.595,45.04,0.275610663727497,2229.63113862599,2692.37944782547,27.75,4.634,7.88,2.49348814781697,60.45,59.74,0.051382,263.08,0.334,0.926,0.792,0.5
272.9,35.7549999999999,50.02,0.203708810419668,2383.87747201352,4218.16399755825,39.09,7.202,3.696,4.97219590554948,70.6,97.48,0.008546,215.71,0.064,1.468,1.287,0.5
317.7,29.14,49.63,0.21572996718831,2093.56127719756,4582.86587762643,19.7,6.044,6.912,2.77245398487056,68.5,80.08,0.026232,375.05,0.184,1.678,0.958,0.503
475.2,33.79,69.85,0.347784751151532,2044.2587799816,4151.26072131478,33.0,5.624,6.304,1.62781863955014,84.4,95.62,0.00747,238.43,0.055,3.0,1.352,0.946
549.4,33.7,56.44,0.213538768992494,2474.52770110908,2411.40716135464,6.295,3.092,5.128,4.05013286079093,76.65,72.88,0.17172,438.73,1.171,2.395,0.5,0.719
496.2,32.995,49.0,0.291549590051932,2200.64203164615,2459.57311888275,27.645,7.688,2.048,3.88983228543368,52.3,56.14,0.016305,222.79,0.104,2.334,1.074,0.876
412.2,38.605,55.33,0.129449893510062,2111.16122128725,3766.15042010753,26.63,5.876,4.352,2.17699595889715,71.9,70.84,0.018319,388.3,0.124,2.253,1.034,0.713
347.1,27.94,48.19,0.370268618880293,2668.18656702405,1429.01100076643,33.91,3.836,3.776,3.78666389925176,53.5,49.42,0.014164,255.61,0.088,1.411,1.117,0.568
401.7,34.555,46.39,0.316839722025845,2988.24640203323,2815.05690804506,23.165,2.342,9.576,0.827206727331141,46.55,64.5399999999999,0.022201,392.06,0.147,1.591,0.985,0.544
218.3,25.6,41.17,0.276197896077196,2095.49379559636,1092.00987159506,24.74,6.446,8.78399999999999,1.5430746487929,80.7,99.04,0.015715,239.64,0.117,1.289,1.086,0.5
507.4,31.81,62.29,0.269916311998939,2134.94290970391,2744.4328271639,17.145,3.548,6.264,0.592522049060297,81.35,82.72,0.024768,361.09,0.175,2.69,0.968,0.807
438.1,26.995,46.84,0.352823251299154,2005.15599452033,2511.71087906533,12.0,3.542,4.688,2.5953504365305,80.85,67.5399999999999,0.057729,321.49,0.386,2.169,0.754,0.651
344.299999999999,37.195,49.12,0.351522322074078,2426.44153050137,1694.06906816609,35.975,7.064,4.848,1.76974889083485,37.05,91.0,0.00919,180.08,0.067,1.644,1.249,1.016
655.099999999999,38.695,64.42,0.330293451578806,2575.94952062365,1827.88791505006,7.975,5.59399999999999,4.608,0.568200767053655,45.5,68.74,0.114819,479.71,0.771,3.0,0.5,0.9
244.2,39.22,52.66,0.114221381764884,2342.17320186991,641.199814076249,12.14,5.282,8.312,3.62738228119238,80.25,44.38,0.170393,496.3,1.041,1.47,0.5,0.5
233.7,25.63,57.82,0.165399483228662,2865.5596403313,2571.99819334081,21.975,3.536,5.616,1.35803183258409,77.4,65.68,0.032784,383.98,0.218,1.02,0.915,0.5
419.2,28.255,69.4,0.2054869442102,2957.04696596677,3234.73677921462,13.155,4.316,7.352,1.07307045548606,53.95,54.88,0.060253,451.54,0.384,1.989,0.738,0.603
168.6,34.465,62.8,0.141455279522851,2963.38929561404,840.942671287155,13.89,7.892,2.208,1.73446591934267,58.55,85.96,0.0931,380.72,0.666,0.897,0.541,0.5
730.699999999999,25.69,53.02,0.188558063011971,2732.66519722069,4312.70958296121,22.99,4.388,2.08,4.0833985636064,62.75,95.2,0.009374,402.58,0.069,2.657,1.238,0.842
772.699999999999,31.915,45.91,0.266724569415536,2658.64591724133,4382.84885164046,5.35,4.556,5.96,2.50042151806472,43.95,82.5399999999999,0.143656,335.89,1.015,2.913,0.5,0.874
788.8,39.94,42.79,0.208524322115692,2100.03142918568,4017.00708207766,27.365,6.578,2.712,1.87874365952082,43.1,57.04,0.013857,371.22,0.089,3.0,1.123,1.116
502.5,37.75,49.6,0.360071829234893,2948.87389007756,2676.46919502693,36.71,4.052,9.824,3.14549687401631,76.75,84.6999999999999,0.007537,253.29,0.054,1.888,1.348,0.668
718.8,37.81,60.73,0.332344461834309,2456.01135364476,2559.01362783056,27.715,2.222,2.624,0.719756895898999,60.6,70.12,0.011033,201.52,0.075,3.0,1.179,0.959
228.1,29.98,63.76,0.282557334818341,2562.13637147558,2770.61688184811,8.15,7.622,9.952,3.90218838258074,68.9,59.68,0.259728,413.35,1.686,1.158,0.5,0.5
755.9,32.89,59.53,0.167448856724586,2253.31692200515,625.424726235175,6.82,7.028,2.232,4.30624630475837,82.6,99.94,0.071927,348.52,0.539,3.0,0.668,0.9
284.1,31.15,52.87,0.237656843845085,2502.30952761628,2865.93332172712,27.26,3.422,3.168,1.64784463854737,43.55,61.48,0.021333,263.86,0.139,1.351,0.991,0.5
644.599999999999,31.585,47.17,0.211042349809959,2468.22359583851,2174.03106656861,25.3,7.094,2.512,3.70079571449616,63.35,43.96,0.01707,264.08,0.104,2.675,1.059,1.134
358.3,25.72,60.97,0.259117733454562,2784.1815977168,3878.62440371472,34.89,2.876,7.096,3.18535110059737,75.4,88.0,0.008161,217.88,0.059,1.486,1.31,0.508
161.6,36.115,65.35,0.153775295945656,2501.53609636634,3142.54161243515,20.12,6.218,8.28,3.81311159841656,46.15,59.62,0.071615,394.95,0.465,1.007,0.67,0.5
634.8,30.52,56.86,0.1435265312762,2246.42818414831,4009.14086661986,10.425,5.786,5.992,4.80523064595526,41.45,51.4,0.073068,380.83,0.459,2.952,0.662,0.941
786.0,36.43,65.2899999999999,0.225687871776288,2860.77552761669,1613.53862580321,23.97,2.168,2.984,3.26174681328955,73.4,52.96,0.017017,248.14,0.108,3.0,1.06,1.164
217.6,32.335,47.44,0.3605714091909,2937.91429880656,1958.72825251552,6.75,6.512,2.936,4.39874267815522,77.9,69.16,0.364995,442.43,2.456,1.003,0.5,0.5
665.599999999999,27.28,52.6,0.281755377354609,2218.64963289904,2509.60990382202,36.745,2.534,5.088,2.36955090966287,63.2,72.4,0.00713,228.13,0.049,2.924,1.372,1.16
137.1,30.82,43.93,0.355042149194458,2471.9698788267,4042.19102702498,25.895,5.768,6.672,3.30210883028959,71.5,43.78,0.059164,495.41,0.361,0.871,0.745,0.5
622.199999999999,27.745,54.64,0.244363189516682,2547.67157319559,3121.16545055358,13.785,2.69,5.312,4.95341348954817,84.45,74.74,0.030571,416.24,0.21,2.48,0.93,0.747
579.5,33.31,41.08,0.228286939876225,2138.36362960237,2153.12043221835,12.665,2.672,3.704,4.16105223601677,58.3,96.64,0.031751,371.96,0.235,2.906,0.922,0.872
303.7,32.545,59.83,0.348671762926628,2943.8297418037,3044.92301492208,19.385,2.924,3.752,4.22488059813583,51.7,67.36,0.036202,392.5,0.242,1.25,0.892,0.5
675.4,26.89,40.0,0.130087473315027,2829.45221794089,2234.43419940316,30.69,2.468,3.6,1.93063674745032,54.0,89.9799999999999,0.008747,255.85,0.063,2.585,1.275,0.866
537.5,29.08,61.9,0.37875051558949,2533.5554317056,3858.59772911612,33.805,7.538,2.04,4.39170098956092,71.25,50.8,0.01088,274.46,0.068,2.353,1.182,0.934
639.0,32.005,60.1,0.134335522526054,2863.44076274693,2454.04283509653,26.245,4.208,8.776,3.07705507202537,67.0,49.24,0.016183,299.13,0.101,2.504,1.076,1.009
446.5,34.6299999999999,57.85,0.295299890687627,2103.50857069116,1343.27425338199,35.415,7.418,9.56,4.42020947267773,66.05,46.3,0.013026,274.58,0.08,2.307,1.139,0.957
288.299999999999,35.485,53.56,0.328766752146305,2582.49261809399,2861.30014127657,17.495,7.58,5.184,4.04591173406889,53.55,51.46,0.061953,362.75,0.389,1.346,0.728,0.5
760.8,26.095,66.0399999999999,0.179303929854691,2022.29214464853,3753.6847859328,9.62,2.066,8.528,3.28796813039528,36.5,97.96,0.035058,338.0,0.261,3.0,0.9,0.9
380.0,28.975,65.32,0.10313044046013,2485.90115801049,2881.60068044995,20.015,5.396,8.248,2.53170603536657,51.4,53.38,0.030764,450.46,0.195,1.939,0.928,0.75
325.4,25.915,66.7899999999999,0.351077722189732,2725.84182877675,1608.00349388686,30.725,7.844,8.888,4.00122687652533,35.4,75.1,0.011869,267.45,0.082,1.535,1.163,0.5
460.5,32.035,65.83,0.21889668924202,2613.08175903194,2362.47177386313,37.795,2.084,9.264,1.15263317121601,49.3,45.88,0.011257,319.8,0.069,2.223,1.175,0.926
527.0,29.74,49.54,0.304757705816775,2247.96665481904,4146.40688044538,39.58,5.564,4.272,1.33346338094526,73.1,85.36,0.006278,223.75,0.045,2.355,1.423,0.827
586.5,35.575,62.95,0.219267340804362,2825.91985561641,3873.33585706849,37.41,5.72,3.896,4.5503821415256,70.3,60.82,0.009284,260.38,0.061,2.462,1.243,1.076
252.6,25.465,58.48,0.145833728183014,2262.14008401523,3842.12691595601,13.96,2.15,3.536,3.21845927803312,46.05,54.64,0.0818,380.94,0.521,1.314,0.609,0.5
544.5,39.535,62.08,0.189892825574187,2690.3236792364,4205.52955906034,39.405,3.434,6.36,1.38296435157223,52.7,86.2599999999999,0.006121,184.88,0.044,2.432,1.433,1.526
380.7,31.54,58.99,0.238055118502102,2622.37047210279,3406.0149860947,32.37,3.068,4.152,2.00014132563247,66.15,89.08,0.00951,228.4,0.069,1.678,1.229,0.567
165.8,34.45,50.47,0.302401499817162,2919.14011317576,561.191023944987,7.905,6.374,8.552,3.46938260015357,45.95,97.6,0.223234,398.31,1.661,0.886,0.5,0.5
739.8,25.675,51.61,0.25605037095898,2461.64921030211,2282.55727792951,9.83,3.716,5.68,0.758953864410645,63.45,57.52,0.057103,445.82,0.368,2.906,0.757,0.872
400.3,38.035,44.92,0.389941070487882,2361.64328821844,932.619430296315,10.565,6.242,4.192,2.24032669317826,38.7,53.98,0.122082,422.68,0.775,1.918,0.5,0.576
406.6,39.07,44.47,0.374528250909474,2815.51883805712,633.667742491855,13.295,5.15,9.6,4.66768521808552,46.5,61.42,0.072739,274.67,0.475,1.744,0.664,0.523
727.199999999999,30.955,50.2,0.305697365180601,2891.8556964681,4371.71937867897,16.76,3.746,4.992,2.35787129269166,37.95,66.88,0.024145,517.62,0.161,2.519,0.972,0.756
557.099999999999,25.54,48.7,0.387264343475417,2441.9866395785,3594.24260699706,7.66,6.716,7.824,3.59147906958392,69.65,42.94,0.144287,399.36,0.876,2.211,0.5,0.663
666.3,25.255,40.33,0.127555362215633,2054.59789997881,4804.08352871379,26.28,3.452,2.336,4.62925581308646,69.15,47.14,0.013732,325.25,0.085,3.0,1.125,1.234
257.5,27.82,54.67,0.118133886000542,2698.15436271527,4248.82671905946,16.165,2.414,5.792,4.87150029032931,52.25,60.76,0.05886,422.86,0.384,1.189,0.747,0.5
623.6,31.9,50.5,0.329021546862125,2237.02431596643,2663.64265998153,12.42,5.378,6.328,3.22354788795405,57.7,85.18,0.03614,412.52,0.258,2.757,0.892,0.827
359.7,25.195,41.14,0.298148150782195,2795.87212390894,802.769555400111,20.75,7.502,2.416,2.14495992297636,77.45,84.52,0.018349,189.28,0.131,1.481,1.033,0.798
264.5,36.205,59.17,0.193566834027505,2644.11976213181,1164.06152298657,37.515,7.4,7.776,4.53170675660978,71.3,53.14,0.016867,273.17,0.107,1.318,1.063,0.511
439.5,32.095,44.89,0.120128965143579,2984.7281887562,4265.32689852522,6.365,4.334,4.392,3.5488872774504,64.25,77.74,0.18123,370.47,1.258,1.805,0.5,0.541
408.0,36.94,50.56,0.198284058365249,2531.99971767328,1707.43101905317,26.07,5.21,7.272,4.73027501109257,77.95,78.64,0.016457,236.95,0.115,1.891,1.071,0.567
718.099999999999,28.21,45.67,0.353613654883576,2463.58336876509,2436.58715730165,10.67,6.116,7.304,4.5876323982254,47.9,63.28,0.050786,365.36,0.334,2.815,0.795,0.845
692.9,33.22,51.16,0.205852166007025,2204.60642905966,503.573618916352,19.245,4.886,3.48,2.06066594502767,38.3,68.32,0.020522,212.17,0.138,3.0,0.997,0.98
652.3,39.25,44.14,0.371411863895789,2578.49211629308,1685.85050794646,15.605,5.432,7.512,1.45663010338126,65.15,49.3,0.044269,454.49,0.276,2.679,0.838,1.079
492.0,28.15,58.57,0.141763918165305,2029.04645041272,2071.192095479,32.125,3.722,8.96,2.38579458958466,59.0,42.46,0.013575,245.44,0.082,2.595,1.129,1.116
735.599999999999,29.29,42.82,0.335137650740868,2320.5492266647,1400.88285034377,39.895,6.728,3.216,1.15871425593203,42.05,77.9799999999999,0.006742,236.02,0.047,3.0,1.395,1.131
687.3,30.325,44.29,0.206104793464687,2734.35883048412,2919.49818225688,18.755,7.802,3.968,4.01576550320489,56.8,45.34,0.025889,433.26,0.159,2.612,0.961,1.093
578.8,38.29,61.87,0.346372840449947,2779.64114763288,3924.75273238744,10.53,4.832,8.91199999999999,1.66060426954019,52.85,64.0,0.079802,356.32,0.527,2.403,0.621,0.721
480.1,28.45,67.5399999999999,0.129911614167894,2412.95060714693,2689.48607489613,6.015,5.942,2.448,3.17501787293586,38.25,56.2,0.23874,418.86,1.529,2.589,0.5,0.777
250.5,36.22,53.83,0.215059547053243,2332.01439348862,1704.42000688432,12.035,4.262,3.664,1.67480138194755,65.8,44.56,0.151828,443.43,0.928,1.378,0.5,0.5
430.4,25.21,50.14,0.321329050625416,2214.71217922134,4624.26977283209,20.995,2.21,8.264,2.79140563922407,44.15,41.14,0.028036,484.86,0.169,1.945,0.946,0.847
678.199999999999,30.58,57.67,0.129010064397653,2714.34886826654,1681.8360060453,32.58,3.062,7.584,2.31196872795188,56.15,61.54,0.00846,281.17,0.055,2.674,1.292,1.162
413.6,28.93,48.43,0.345657492832152,2482.45454106476,3093.58636229754,39.265,2.078,3.248,3.37362292207412,72.85,54.1,0.009302,225.69,0.059,1.746,1.242,0.804
353.4,35.335,44.44,0.372239783185279,2057.19598286241,4856.06368106905,19.77,5.348,8.152,2.59774503581788,77.35,62.92,0.035853,420.01,0.236,1.913,0.894,0.666
194.5,37.105,62.83,0.142081318897042,2883.10410858198,4483.69783089573,13.47,5.528,2.864,1.06279327398153,79.2,41.26,0.165566,340.97,0.999,1.038,0.5,0.5
195.9,32.2,57.07,0.200586921280158,2507.82253724292,3610.60009908995,11.755,6.812,9.976,3.20021517358734,83.25,83.56,0.108302,406.55,0.768,1.053,0.5,0.5
230.2,29.32,55.39,0.154221545191655,2636.53261726645,2120.02718619434,32.16,4.676,5.384,3.8275779798694,84.9,66.34,0.018061,266.66,0.12,1.121,1.039,0.5
176.3,28.03,45.58,0.29357815523363,2210.54873378936,2621.22804223572,20.925,5.834,6.448,3.01632759709305,61.85,79.24,0.041208,279.31,0.288,1.046,0.859,0.5
541.0,38.83,67.42,0.281199054666357,2367.90535064195,3656.29709818782,24.6,3.596,7.968,3.14912515883879,41.75,47.74,0.023505,413.86,0.146,2.978,0.977,1.218
125.9,25.36,67.24,0.285334966437115,2650.08692028808,1139.18797000401,17.53,5.048,9.384,2.81822168059297,81.55,40.12,0.13522,240.22,0.812,0.708,0.5,0.5
545.9,37.465,46.3,0.398185922976807,2731.81457472023,3392.33213705576,15.185,6.65,4.34399999999999,1.2530988662045,48.35,52.78,0.047441,406.45,0.3,2.14,0.817,0.832
275.0,31.705,57.58,0.281280353476167,2914.55204718085,723.974228112997,7.765,3.692,6.04,3.92514484254356,42.25,51.22,0.280525,400.32,1.762,1.168,0.5,0.5
196.6,26.215,50.32,0.239643148013923,2706.32235384497,4628.00803084783,18.93,6.956,6.904,1.02416178689691,37.8,69.94,0.048847,393.37,0.33,0.938,0.808,0.5
453.5,33.76,47.56,0.17667745285964,2196.72595567887,2926.72772429192,29.92,7.454,6.8,2.47872863124169,36.45,67.84,0.01337,262.54,0.09,2.264,1.133,0.744
107.0,31.075,43.12,0.108068232195341,2012.8324426408,3519.99846025275,27.19,2.522,2.928,1.88819959433918,69.1,90.52,0.035543,352.79,0.258,1.027,0.896,0.5
769.199999999999,35.14,65.2599999999999,0.327350061889463,2069.9868869366,1805.85256847725,38.95,7.76,2.744,2.86946884899808,44.95,96.94,0.00332,191.75,0.025,3.0,1.71,1.818
698.5,29.59,61.6,0.105603594831154,2495.35335222802,2114.79408131005,29.745,3.392,8.648,3.95933999825985,79.6,85.24,0.006799,218.87,0.048,3.0,1.392,1.055
576.0,38.86,41.05,0.219767171860574,2864.40076306087,2910.14724291429,37.025,3.242,6.984,2.12992445412416,46.3,95.38,0.006723,208.73,0.05,2.446,1.397,0.774
545.2,38.845,53.23,0.323745030271938,2945.01099582865,4579.75672564171,15.22,3.65,5.904,2.28982175863563,49.95,66.52,0.04107,396.75,0.274,2.047,0.86,0.683
774.8,37.015,48.49,0.161792163330113,2395.9307573256,1691.28236715729,30.55,5.516,9.144,1.76707789701785,69.7,73.36,0.009457,219.28,0.065,3.0,1.233,1.18
345.0,25.285,63.19,0.150900333167933,2926.26867735938,4410.90183019872,14.03,4.94,6.064,4.05691687864498,83.2,85.06,0.037992,385.91,0.271,1.447,0.88,0.5
749.599999999999,33.025,46.21,0.317839699166836,2096.52273282938,1582.24774101407,31.67,6.674,2.408,3.66988576279398,47.6,88.66,0.006201,248.69,0.045,3.0,1.428,1.019
548.0,35.92,61.39,0.374880198864508,2248.96361997708,3197.55134144974,13.435,3.944,9.72,2.58737474791047,38.95,69.22,0.046735,345.9,0.315,2.709,0.822,0.875
239.3,27.61,50.38,0.18014281655619,2108.22879816549,2819.65676431805,18.195,7.922,2.496,2.48706702380692,75.45,47.32,0.059463,448.36,0.368,1.336,0.743,0.5
626.4,26.95,56.38,0.395005907280807,2031.17052412368,510.151518712278,22.64,5.35999999999999,7.52,1.24144489099196,66.75,85.5399999999999,0.011873,244.42,0.085,3.0,1.163,0.9
739.099999999999,32.215,49.18,0.365842175449374,2173.22649577519,1983.11738583861,27.785,6.332,5.256,1.91898701309299,80.5,92.8,0.007849,207.09,0.057,3.0,1.329,0.976
552.9,35.635,57.37,0.266266824497313,2608.50341727085,4328.41251268764,20.47,4.82,7.208,4.44977942208901,81.75,52.3,0.028102,474.34,0.177,2.319,0.946,0.906
646.699999999999,35.83,43.0,0.238902958218501,2211.69189519769,3040.0560934795,10.81,6.998,3.04,0.830402520532545,40.95,84.94,0.049569,370.33,0.353,3.0,0.803,0.9
558.5,34.075,69.28,0.168062041951316,2208.00506158384,746.392725993119,6.575,5.57,3.408,3.32013268914143,52.45,77.2599999999999,0.146563,340.86,1.016,3.0,0.5,0.9
695.0,28.765,42.22,0.268705863205151,2612.62790038949,4991.22173195576,37.655,6.662,7.624,2.51342754075645,55.35,77.5,0.006308,248.32,0.044,2.713,1.421,1.027
327.5,33.52,56.2,0.251071908388069,2859.06570863942,3546.91107297059,24.285,7.682,8.024,2.72814913971085,80.0,93.64,0.016455,384.45,0.121,1.385,1.071,0.5
354.1,25.495,40.51,0.152306205891409,2392.37201808579,4935.91270324903,18.02,6.866,6.024,1.37221638539469,42.15,67.42,0.031228,461.26,0.209,1.746,0.925,0.577
552.2,28.75,52.48,0.321553237609149,2703.13441467693,1153.45605813866,25.72,5.996,9.44,0.707866139144316,63.85,55.06,0.01509,247.95,0.096,2.082,1.098,0.791
725.8,30.145,56.77,0.393276557704418,2623.48452298519,1626.9496252124,39.51,2.882,8.968,1.13086383804105,47.1,53.26,0.007484,264.22,0.047,2.794,1.351,1.295
618.699999999999,33.625,69.43,0.3554168160564,2066.14092422497,4128.07675895789,16.235,5.276,7.08,1.68290380959215,40.8,63.16,0.032132,408.18,0.211,3.0,0.919,1.042
340.799999999999,35.305,55.57,0.230521915533043,2295.52224326005,3626.26842839666,6.68,3.578,9.84,2.51839129238148,61.05,78.46,0.219158,369.6,1.526,1.726,0.5,0.518
315.6,30.085,67.57,0.125155333247754,2296.76999355309,4970.83758368635,25.93,2.39,7.768,4.52582887770483,41.5,89.02,0.014946,346.34,0.108,1.864,1.101,0.559
550.099999999999,34.945,49.45,0.128169172997557,2889.243172191,4375.7257693462,13.05,4.358,8.08,3.87066991612819,82.4,74.9799999999999,0.04482,320.76,0.308,2.158,0.835,0.648
425.5,34.855,64.63,0.207198022318743,2399.75454287408,3621.92838775844,7.17,5.366,5.24,3.65523449938675,82.25,79.78,0.158203,352.1,1.107,2.207,0.5,0.662
525.599999999999,37.36,66.85,0.337988176818691,2879.22197216193,4895.05260023098,34.4,5.318,3.744,0.85168357722945,64.8,44.86,0.013521,431.86,0.083,2.361,1.13,0.993
569.0,39.1,62.86,0.315519462989235,2803.60671504638,1261.85577910139,36.395,7.556,7.792,4.67867414105239,38.05,82.4799999999999,0.007798,164.67,0.055,2.409,1.332,1.53
526.3,27.985,42.7,0.176239364644879,2291.03734818874,3091.29118426405,35.52,5.228,6.56,4.84108616824777,37.6,60.1,0.009082,233.25,0.059,2.432,1.255,1.069
563.4,31.405,49.66,0.29544872013859,2849.59538501732,2058.2919587327,35.17,3.014,9.04,4.76292467504034,40.1,65.98,0.009406,262.77,0.063,2.067,1.236,0.866
572.5,37.03,51.31,0.248740302472959,2077.07404465173,2806.72381316561,29.115,5.414,5.832,3.16714476810107,82.45,89.44,0.009435,248.99,0.068,2.853,1.234,0.961
650.199999999999,37.975,42.97,0.100804905495548,2596.66755773852,3678.89630505643,9.55,5.402,2.368,1.89674348727809,56.4,81.34,0.068033,356.63,0.479,2.886,0.692,0.866
279.9,34.12,56.17,0.26148239445786,2811.83889808644,766.179036805571,29.815,5.018,5.744,3.77662065345393,80.9,61.3,0.020493,227.2,0.134,1.25,0.997,0.5
524.9,28.345,42.85,0.15580107326338,2457.46866064199,975.88907763985,18.825,6.83,6.952,2.73858003934658,62.8,46.12,0.029115,244.06,0.179,2.31,0.939,0.96
585.099999999999,28.075,46.48,0.292893050279554,2554.87665360265,1925.18657947606,36.675,4.436,7.864,1.27018452381353,49.85,68.44,0.007365,265.65,0.049,2.306,1.358,0.947
738.4,32.365,60.13,0.204715626372078,2736.39244510742,2734.28868784713,38.6,5.27,2.84,2.89372419867387,35.6,60.4,0.007363,285.66,0.048,2.943,1.358,1.291
256.799999999999,29.455,69.97,0.297000381023364,2326.55435405251,727.258559431584,11.055,3.332,5.032,0.8778508350451,60.0,58.12,0.130552,343.12,0.842,1.602,0.5,0.5
278.5,26.185,54.04,0.345277429047669,2368.19579113478,2777.29984017388,25.23,4.112,2.352,1.11395452483241,82.8,50.86,0.026214,389.33,0.164,1.284,0.959,0.509
321.2,35.815,46.78,0.176989899833154,2148.05147875125,3383.62455014451,19.525,4.964,8.224,2.37234082840383,81.7,64.06,0.039488,328.64,0.261,1.831,0.87,0.629
304.4,26.695,54.97,0.340591293157476,2234.19524298779,1059.78109609905,29.71,5.612,3.416,4.92977071702003,57.2,91.66,0.010827,216.88,0.079,1.464,1.183,0.5
583.0,30.88,40.21,0.195216596800463,2838.58058835027,4034.29870790873,33.14,6.92,3.032,3.56563531215167,63.75,64.36,0.010129,230.25,0.067,2.339,1.197,0.801
222.5,29.545,50.08,0.196579317709266,2455.49262510429,894.376937676176,24.005,5.948,8.544,1.85034296158151,74.0,83.38,0.023142,233.03,0.164,1.163,0.979,0.5
721.599999999999,28.525,46.09,0.342769025772526,2336.85546058401,2787.63158374948,5.63,3.23,3.336,1.35265148125754,47.4,44.32,0.218328,462.27,1.334,2.969,0.5,0.891
554.3,32.35,63.58,0.291184993400612,2565.58991768685,3136.36623567422,36.465,7.79,3.712,2.39451622896247,61.6,92.14,0.006201,229.06,0.045,2.526,1.428,0.827
241.4,28.81,65.53,0.372912045833503,2931.83493023679,1463.80562523685,20.96,6.002,9.776,3.06130886105602,49.0,65.92,0.037534,240.05,0.25,1.085,0.883,0.5
564.099999999999,34.165,45.88,0.289078447871118,2451.55840424973,4453.54105994943,20.295,5.648,2.288,0.918214145540184,57.05,79.4799999999999,0.018803,316.21,0.131,2.423,1.024,0.727
555.7,31.165,64.96,0.212080042144964,2414.63183721217,4800.96580425299,17.705,2.048,6.808,4.69475786348062,84.1,57.82,0.03045,485.05,0.196,2.772,0.93,1.022
216.2,26.08,50.05,0.137000923164155,2646.59359245355,4563.64845327984,8.71,6.464,6.776,4.06035580160985,54.95,74.32,0.185239,374.74,1.27,1.059,0.5,0.5
724.4,30.19,58.75,0.222614221352842,2416.29321077169,3945.51138990036,6.61,4.664,9.536,2.02490164219449,46.75,50.56,0.154182,366.2,0.966,3.0,0.5,0.9
550.8,35.455,42.76,0.198714481566087,2201.08413996499,1606.44675044646,17.565,4.394,9.888,4.4692303088105,49.8,45.52,0.040012,408.22,0.246,2.749,0.867,1.149
741.199999999999,34.18,54.01,0.245777015400397,2166.32078006497,2343.07794024608,20.26,7.124,2.392,3.02622508235419,52.6,66.46,0.018738,408.63,0.125,3.0,1.025,1.002
481.5,31.39,52.84,0.197246204897612,2486.04544638034,691.615147004497,14.205,5.138,3.888,2.86304827600109,76.8,75.28,0.037751,262.45,0.26,2.08,0.882,0.624
333.799999999999,26.905,43.63,0.225877636970905,2568.90415869449,2237.88036026418,27.61,2.234,5.872,1.43248005950005,79.15,48.52,0.019781,257.94,0.123,1.517,1.004,0.616
564.8,30.475,49.96,0.397858217998662,2049.18485445552,4732.14610243357,33.56,2.03,9.096,3.56184446307801,78.65,78.6999999999999,0.007778,408.12,0.054,2.675,1.333,1.002
167.899999999999,37.075,53.32,0.316420507170568,2067.80219698075,3525.46359719447,24.04,7.568,5.768,4.79548882898315,51.65,91.96,0.029698,385.87,0.217,1.105,0.935,0.5
202.9,33.775,68.38,0.204153735785247,2767.87676563676,977.824022714208,29.5,5.804,5.35999999999999,4.1193190034561,81.0,64.48,0.025216,244.84,0.167,1.12,0.965,0.5
480.8,32.515,54.7,0.221747992541114,2090.11959424593,3608.54817097778,33.35,7.106,5.936,1.38076590434857,83.45,61.96,0.011077,264.01,0.073,2.423,1.178,0.853
613.8,36.085,59.41,0.248378236439949,2405.89552322849,3462.34272960257,34.33,7.598,7.24,1.56134853663504,68.05,58.72,0.010312,232.07,0.067,2.797,1.194,1.021
615.199999999999,31.885,59.38,0.200880853186365,2048.54671027934,1601.16797213362,17.075,2.948,9.2,3.28495631632651,44.45,96.1,0.017792,355.0,0.132,3.0,1.044,0.9
713.199999999999,25.555,66.73,0.108656423839609,2729.16365594286,1329.43887944764,32.86,4.064,4.208,2.43988045575175,54.8,74.38,0.008039,185.68,0.055,3.0,1.318,1.954
361.1,39.505,47.83,0.33091948238331,2959.73803361642,4316.20321035875,36.815,5.552,4.912,2.18725018148792,75.6,42.52,0.015871,298.11,0.096,1.541,1.083,0.663
684.5,27.085,43.09,0.209024409435491,2630.71334958588,2526.19181972526,19.28,5.036,5.096,2.6204202966675,76.05,76.0,0.016201,367.02,0.112,2.648,1.076,0.794
737.0,26.755,41.47,0.127804278560993,2252.85113667151,4417.03663186225,21.52,4.724,8.56,4.00627888057769,55.45,94.12,0.00977,408.9,0.072,3.0,1.214,0.962
272.2,25.06,48.85,0.138951714750423,2498.97439480766,3893.57448551227,33.035,7.082,5.688,1.8039586837752,38.55,63.58,0.013324,226.85,0.088,1.286,1.134,0.5
405.2,35.05,64.09,0.363325882866305,2503.8137950197,753.160176112712,30.305,4.766,2.064,2.31781860148601,42.55,99.28,0.008969,217.01,0.067,1.966,1.262,0.595
403.8,31.435,68.02,0.256745516599286,2539.12915941515,2965.39117480662,14.135,4.808,9.904,3.29128320329933,75.05,77.44,0.043448,385.94,0.301,2.13,0.844,0.639
458.4,31.03,64.21,0.124663539786574,2445.94724857738,3169.63519177216,22.885,6.62,6.632,1.20353766070599,82.3,61.18,0.021148,427.81,0.138,2.286,0.992,0.812
587.9,26.425,49.48,0.237786139551156,2014.1818249672,1781.76948575787,33.49,7.82,6.152,3.50630375552992,84.3,56.74,0.009632,280.72,0.062,2.834,1.222,1.279
342.2,36.025,53.53,0.116962641252791,2765.56988968487,4763.83972357591,20.785,7.352,3.088,1.70811648539737,70.5,54.16,0.037369,493.71,0.237,1.574,0.884,0.603
676.099999999999,26.965,48.07,0.136751810881068,2350.50313625858,3700.89809120467,10.18,4.856,9.968,3.36182196786772,82.5,71.14,0.051512,422.5,0.349,2.852,0.791,0.856
557.8,28.24,69.22,0.317529149404589,2958.16628336875,1269.80993189516,35.03,2.738,5.08,1.66568448159773,54.1,70.24,0.008733,208.13,0.059,2.554,1.276,1.032
501.8,25.885,57.88,0.182899911770609,2407.01083765148,4074.37351115829,20.715,3.182,6.648,2.27116100260652,65.85,82.36,0.0162,323.55,0.114,2.215,1.076,0.665
753.8,30.55,61.18,0.179030326977808,2996.91731357546,2629.38130957375,11.475,5.408,8.168,4.86033900025139,47.0,89.86,0.030777,406.81,0.223,2.796,0.928,0.839
790.199999999999,34.69,64.93,0.17059520622508,2285.03594227379,3767.70940544663,25.16,4.616,5.672,4.00064465473945,35.5,82.84,0.010275,338.27,0.073,3.0,1.194,0.9
576.7,30.715,49.42,0.300669244865438,2149.27864646423,713.116966568428,21.555,2.192,5.528,2.40541436822198,49.6,89.1999999999999,0.013743,222.66,0.099,2.663,1.125,0.799
628.5,39.01,53.26,0.196246825004429,2818.05476163882,4545.96304018498,29.36,5.03,6.16,2.34679321622422,45.0,48.04,0.015877,484.37,0.098,2.462,1.082,1.004
636.9,36.7,41.32,0.122103993564595,2892.83021986456,2076.06708825449,13.995,5.84,4.256,0.581206251579569,67.05,86.56,0.031114,389.04,0.223,2.63,0.926,0.789
207.8,29.995,65.92,0.377893350089431,2122.31800347497,3157.74776574001,5.56,3.758,9.392,2.02597303608433,83.4,92.08,0.355934,360.77,2.599,1.277,0.5,0.5
223.2,26.665,61.27,0.299989777980491,2953.91441194592,3832.08693367541,17.25,4.148,9.072,1.60880200351903,40.7,58.9,0.062055,496.5,0.402,0.954,0.728,0.5
704.099999999999,27.1,67.78,0.332890824271141,2954.41877052489,2935.87220693007,27.54,6.848,3.584,3.6967172498324,53.2,53.62,0.011652,272.47,0.074,3.0,1.167,1.157
613.1,33.415,63.43,0.206262508236722,2172.5120930583,3248.80122805494,30.865,4.55,3.616,1.08784746833538,79.45,77.1999999999999,0.009415,243.31,0.065,3.0,1.235,1.139
247.0,31.3,51.13,0.255379630709637,2817.39900270387,4126.01191352999,20.82,2.54,2.616,0.970802151783048,82.75,83.2599999999999,0.029445,349.5,0.209,1.127,0.937,0.5
543.8,39.655,47.53,0.38147576832138,2171.01658782892,3806.08008491382,31.25,7.334,5.824,3.12418916637648,61.45,90.64,0.009122,193.38,0.066,2.605,1.253,1.612
437.4,25.345,51.97,0.182041161380437,2548.5203077009,4929.81306984302,9.2,6.338,3.448,3.11749419969118,48.1,66.58,0.091624,389.75,0.611,1.805,0.55,0.542
410.1,29.005,51.52,0.270654016597119,2827.34695320189,2969.93225879846,17.425,5.978,2.92,4.28581253187324,78.4,52.66,0.038791,357.91,0.245,1.586,0.875,0.618
494.8,32.455,50.65,0.227997635835304,2553.56093797153,2589.0072270642,29.045,6.17,4.28,2.11484388400162,74.3,49.9,0.015786,246.88,0.099,2.081,1.084,0.833
231.6,25.645,61.3,0.320334788746268,2443.37064214706,3467.7983287902,18.72,7.874,8.504,4.86235143759374,52.5,89.56,0.030303,394.95,0.219,1.134,0.931,0.5
420.6,37.285,54.49,0.350783749351334,2695.61062004244,1919.55546610285,21.38,5.09,8.992,0.79232785419517,42.85,86.9799999999999,0.019971,405.81,0.143,1.754,1.001,0.526
590.7,28.105,58.09,0.210860081530336,2707.80987444585,3384.72178094281,22.5,3.872,8.016,4.87405452067519,62.0,69.64,0.014831,382.01,0.1,2.327,1.103,0.748
496.9,28.855,48.82,0.207073103903892,2035.80839734811,4301.71974237629,10.04,6.098,6.664,4.40613796770567,47.25,46.78,0.099501,556.03,0.614,2.474,0.503,0.742
648.099999999999,25.03,46.36,0.240963349650367,2620.18452101935,645.531532589136,38.635,6.482,9.696,4.2782374191471,54.7,95.68,0.005216,209.9,0.039,2.442,1.487,0.769
778.3,37.375,49.93,0.360776118759837,2041.49517691011,2030.4976875474,9.165,6.98,8.424,1.87197013905504,66.9,67.3,0.077083,397.85,0.515,3.0,0.638,0.9
163.7,38.35,63.4,0.174501485677662,2188.52965057835,908.37988341456,18.86,6.368,6.936,3.10138819763478,51.35,54.7,0.088602,279.39,0.564,1.121,0.568,0.5
534.7,38.425,68.35,0.161026743625168,2746.38389122137,4595.86841291787,18.16,4.772,7.72,4.96022628162985,58.75,41.02,0.041179,413.06,0.248,2.676,0.859,1.166
375.1,37.885,62.98,0.245925204376091,2240.94045858435,2289.96490812231,35.275,6.452,4.432,2.64021130101898,58.25,61.36,0.013281,250.99,0.087,2.056,1.134,0.729
117.5,36.745,60.55,0.137417854640483,2055.92187423502,1173.46347707354,27.47,7.394,2.856,3.73254318324229,46.4,83.44,0.038206,216.79,0.271,0.931,0.879,0.5
448.6,36.475,46.63,0.323329734207881,2744.23221269514,2837.85346275687,18.335,7.652,4.08,1.95887195957701,66.25,57.22,0.036642,363.98,0.236,1.863,0.889,0.692
746.8,33.325,40.09,0.357068142562965,2070.77224476929,4923.96793218554,36.78,4.01,3.4,0.534031706715793,73.3,43.36,0.008704,274.88,0.053,3.0,1.278,1.495
653.0,30.595,45.22,0.359320070426091,2321.7145959227,1933.82196009869,29.955,7.61,3.112,3.67859029259033,73.2,93.88,0.007769,215.38,0.057,2.765,1.334,0.889
328.9,38.17,52.69,0.197579546868911,2861.45328883474,3008.28459702582,11.125,3.218,4.4,2.38373960941624,73.95,79.18,0.091202,383.83,0.637,1.493,0.553,0.5
535.4,32.56,54.94,0.224019446483375,2073.81546142845,2751.74703127138,38.18,5.924,9.408,2.45091122527752,83.7,57.58,0.008787,247.5,0.057,2.68,1.273,1.202
349.9,38.155,64.24,0.140699881041076,2701.05182353682,4781.98921191629,32.055,7.22,3.264,4.65665781204707,78.75,91.48,0.010646,330.2,0.078,1.731,1.187,0.519
483.6,37.045,52.39,0.296466623921425,2508.94979991329,2522.71591794888,31.425,5.654,3.0,1.16333390471069,71.55,92.26,0.008763,251.43,0.064,2.102,1.274,0.688
619.4,38.365,44.56,0.343309605415995,2857.47206694511,2036.89838904017,12.07,2.99,2.44,2.2301168342876,84.05,89.92,0.040617,374.2,0.294,2.369,0.863,0.711
609.599999999999,28.66,50.59,0.222059426768681,2766.76245868574,1038.03822587096,27.225,4.298,8.824,4.83103180327583,61.55,58.18,0.012857,241.03,0.083,2.257,1.143,0.829
396.8,35.425,63.91,0.233957445025109,2478.96930253561,2874.63708519722,29.08,5.852,4.896,2.72532661637998,64.2,56.02,0.017761,216.91,0.114,1.988,1.045,0.747
308.6,25.795,66.37,0.282319406191533,2874.02538635566,3904.90990831198,21.59,4.178,8.272,3.68998377219699,43.2,53.5,0.0304,478.66,0.193,1.394,0.931,0.538
638.3,37.0,42.37,0.250149272543246,2157.76161961532,3771.52817165849,36.255,4.574,7.832,0.787894282356352,46.9,77.32,0.007424,251.55,0.051,3.0,1.355,1.138
595.599999999999,31.825,68.59,0.382375479690929,2700.53258943255,2531.32030254208,18.65,7.718,9.304,2.64488059136925,50.95,55.54,0.026805,416.75,0.171,2.907,0.955,1.098
655.8,36.28,51.46,0.306490285682923,2437.82186005929,3166.75766853548,20.89,2.426,4.616,4.08919974931132,39.3,90.88,0.014041,424.01,0.102,2.75,1.119,0.825
436.0,30.115,61.72,0.398551732323788,2848.50219501033,2972.47591659656,25.195,4.892,7.976,0.940078212137219,48.0,48.58,0.020966,411.55,0.13,1.746,0.994,0.708
434.6,30.055,58.33,0.111739336362854,2888.09944139275,2539.71649539787,19.42,7.1,5.288,1.22860787320246,62.1,41.68,0.035435,408.1,0.214,1.747,0.897,0.757
251.9,37.42,53.65,0.318602513986687,2517.81055333078,1249.30886429203,31.915,3.782,3.464,3.3386937964861,79.9,71.92,0.017772,234.12,0.121,1.274,1.045,0.5
491.3,34.765,50.53,0.135204114107786,2626.46253471613,1190.87222475986,19.455,3.212,6.488,3.20773061480775,54.35,90.4,0.0196,226.84,0.142,2.113,1.008,0.634
205.0,37.525,45.76,0.21259114213772,2051.77513282336,897.086201820709,32.72,4.976,5.056,0.641333943220703,36.7,44.14,0.028672,255.88,0.175,1.438,0.942,0.609
414.3,39.82,47.26,0.211839012600262,2274.51134239886,4848.79001155879,23.69,4.022,8.216,4.19820234813967,78.85,84.7599999999999,0.01882,246.56,0.134,2.159,1.024,0.648
602.599999999999,27.07,57.94,0.261262282708001,2905.89267171107,3888.57412493437,6.4,4.226,8.176,2.66989656543568,35.25,88.12,0.101625,377.0,0.732,2.194,0.5,0.658
312.799999999999,26.335,59.32,0.156893595875001,2276.79829517896,4237.37654556591,28.87,4.526,4.32,3.40421886796287,68.2,41.44,0.020564,478.23,0.124,1.577,0.996,0.685
212.0,37.99,51.22,0.370921503813902,2532.99663683707,2697.77935743736,18.79,6.38,2.544,2.02004056445388,67.4,94.06,0.038582,326.93,0.284,1.123,0.876,0.5
307.2,33.01,42.31,0.309616674573425,2050.96958462776,4910.1780361571,12.105,2.9,7.912,2.68686672720256,73.85,45.58,0.117064,498.99,0.719,1.771,0.5,0.531
372.3,30.805,44.41,0.354916506517368,2202.16162871409,4201.80833026753,10.915,6.518,9.552,3.00458555106647,60.1,82.24,0.069379,409.59,0.49,1.829,0.684,0.549
709.0,34.66,43.6,0.158928131968851,2785.90845056133,4667.05749180711,34.855,6.074,8.936,4.6738754339355,36.75,84.58,0.00714,201.17,0.051,2.775,1.372,0.982
688.0,26.815,43.69,0.295831428996697,2950.60051686043,2250.85826409726,15.85,5.258,8.808,3.44665770527601,83.55,73.66,0.022086,403.33,0.151,2.355,0.986,0.719
795.099999999999,28.33,67.75,0.180492862597558,2840.01309445658,2079.97812347818,35.45,3.698,4.984,2.82330220145392,79.7,51.28,0.009645,251.77,0.061,3.0,1.221,1.412
478.0,39.31,48.34,0.293121924984217,2042.03438852111,3911.97483284761,35.94,3.302,3.184,1.17666359052231,76.5,78.0399999999999,0.009242,250.24,0.064,2.517,1.245,0.949
710.4,29.365,59.23,0.274979102637578,2637.24247050363,3931.44456609284,29.29,7.04,8.04,3.42792570299332,37.55,60.7,0.010543,394.2,0.069,2.846,1.189,1.016
776.9,27.04,54.34,0.131941894294411,2510.61341519593,2893.22591597038,19.175,7.562,9.624,3.15206922746685,68.65,52.72,0.019925,409.49,0.126,3.0,1.001,1.167
781.8,38.485,59.56,0.366998090634547,2434.08410680611,4344.52821553004,12.875,3.32,9.648,0.6492080196761,79.4,53.86,0.050513,391.28,0.321,3.0,0.797,0.923
242.8,38.455,48.55,0.266931137282122,2617.27687764814,540.698645965838,15.71,6.614,4.0,0.751570872922017,36.1,54.34,0.089107,247.33,0.567,1.308,0.565,0.5
788.099999999999,34.225,55.48,0.207549619109527,2153.48945276027,578.330301329001,17.32,6.122,5.112,1.56889436256807,46.65,95.26,0.015788,210.28,0.117,3.0,1.084,0.9
109.8,38.635,47.95,0.229114595040907,2220.6576128923,2193.58167308096,8.57,6.842,5.368,2.87155372234979,55.4,50.44,0.550182,414.54,3.445,0.978,0.5,0.5
275.7,28.06,48.52,0.287125636851474,2512.93272848335,3263.1320477436,5.175,2.888,6.408,2.76137143798246,75.2,80.14,0.374122,414.89,2.62,1.275,0.5,0.5
468.2,39.625,60.28,0.284439562274584,2546.11355759219,1366.75648436198,25.44,2.726,3.808,3.60226517965595,44.75,89.62,0.014242,252.3,0.103,2.152,1.115,0.646
174.899999999999,32.875,64.9,0.349956145657779,2084.31098232171,2345.73145810701,11.265,2.96,8.536,2.67818916380985,66.45,81.46,0.1354,329.38,0.953,1.125,0.5,0.5
711.8,35.725,59.11,0.327521530638114,2264.87737307192,1185.09595512617,18.265,7.466,4.512,3.15897838563459,67.75,81.94,0.01932,241.51,0.136,3.0,1.014,0.9
468.9,33.55,62.65,0.24679190337256,2109.07697990982,3844.3150219434,28.1,4.604,6.424,4.50878012802859,60.25,70.5399999999999,0.013711,358.99,0.093,2.572,1.126,0.818
641.8,39.55,51.82,0.193899809479657,2802.57628836016,2705.53413693264,34.995,7.118,2.456,2.12655356708481,60.35,41.8,0.012658,253.72,0.077,2.525,1.147,1.093
341.5,37.78,55.66,0.248919162191292,2472.04315991195,2740.22939256653,6.47,4.166,8.512,4.09812898379581,64.9,55.12,0.346581,429.17,2.21,1.657,0.5,0.5
433.2,39.88,68.65,0.276049832509368,2290.03050024993,1241.81578084997,22.36,3.008,9.28,2.37655732524501,50.75,77.62,0.022479,192.05,0.156,2.606,0.983,1.449
440.9,39.325,47.89,0.331807200404631,2702.33660427819,4659.03111395281,31.355,3.968,3.904,2.77824887956393,36.0,44.98,0.018011,428.78,0.11,1.888,1.04,0.793
793.0,31.99,58.42,0.257587237583266,2440.08483771408,1334.64462154501,35.345,6.596,7.176,3.92222160884736,62.2,69.88,0.007233,249.57,0.049,3.0,1.366,1.216
392.6,27.58,64.87,0.29028546136205,2631.89520683768,2223.97608521797,33.945,4.046,5.664,1.74627201338836,41.6,94.6,0.007628,198.87,0.056,1.822,1.342,1.113
433.9,39.76,66.13,0.229740395609831,2624.61825477153,3596.90510933657,20.855,5.216,5.072,2.48295863000836,53.1,73.18,0.027071,332.48,0.185,2.181,0.953,0.67
498.3,25.375,51.85,0.118761575015756,2346.63509365086,1202.97017710633,29.255,2.66,4.736,1.82914788573857,66.55,75.82,0.010517,236.37,0.073,2.185,1.19,0.655
573.2,39.745,59.08,0.307976845265552,2064.28093450968,2717.28456969888,27.89,5.372,4.424,3.36790084897768,41.0,71.2599999999999,0.013794,287.95,0.094,3.0,1.124,0.945
274.299999999999,29.23,55.18,0.260349017147829,2819.33519724164,815.409468338332,10.88,2.504,9.08,2.81058888030089,80.3,45.04,0.152904,401.6,0.937,1.169,0.5,0.5
398.2,30.835,59.2,0.378631823243364,2212.6519612595,4708.00232841084,28.59,4.592,4.008,2.75181289582617,78.7,40.36,0.020633,409.27,0.124,1.959,0.996,0.859
620.8,26.605,58.9,0.148736759950054,2345.61585009805,770.382562784094,6.155,2.402,8.87999999999999,4.15735282676566,77.0,44.02,0.202986,425.27,1.238,2.799,0.5,0.84
366.0,29.5,60.79,0.368339890896994,2600.16893506307,1832.22282734446,35.8,4.076,4.808,1.14480042306908,58.2,42.28,0.014097,218.66,0.085,1.603,1.118,0.691
615.9,34.24,60.94,0.389051911426226,2278.70196687725,4575.18939307057,26.21,5.096,6.512,0.841143636216772,66.3,57.7,0.015516,445.28,0.1,2.935,1.09,1.084
506.7,31.495,42.4,0.289696405330056,2728.20162732004,1945.44398642363,30.83,6.296,6.856,2.12354948406368,67.35,92.2,0.007587,206.8,0.055,2.061,1.345,0.675
709.699999999999,35.875,67.39,0.24250536205925,2018.43194501864,958.482043872063,39.825,6.32,6.736,4.62519287628609,53.65,74.08,0.006677,224.35,0.046,3.0,1.399,1.172
472.4,26.305,62.59,0.104032038308963,2602.17701048427,582.901543421421,9.13,3.11,5.34399999999999,1.33039387696377,41.7,49.6,0.113111,382.61,0.706,2.116,0.5,0.635
429.0,38.095,52.03,0.115306357673868,2131.22210781047,1054.24772571776,18.965,5.042,9.168,4.65997573867978,79.55,80.32,0.028066,222.04,0.197,2.304,0.946,0.691
688.699999999999,35.215,65.2,0.226547590468702,2594.8967884099,861.383435431901,31.845,3.176,8.97599999999999,1.54954466996064,83.65,81.1,0.008267,204.73,0.058,3.0,1.304,1.098
296.7,26.935,69.0099999999999,0.274306709960348,2521.38089085663,844.779673519126,31.81,3.728,6.376,0.913272144646175,83.1,94.54,0.009542,161.93,0.07,1.636,1.227,0.999
632.699999999999,25.57,41.95,0.175591180020357,2076.77127034668,4851.90756701588,23.375,5.744,6.44,1.93867521593614,67.85,96.76,0.009037,293.33,0.067,3.0,1.258,0.934
706.199999999999,33.235,66.34,0.3466971306927,2397.42899402737,1371.95456420966,25.125,5.294,8.304,3.19137553452082,44.25,84.4,0.010952,231.58,0.078,3.0,1.181,0.9
452.1,35.98,41.35,0.334500391918246,2330.35597267865,627.865013126111,37.13,2.858,2.096,0.907941364002095,77.25,74.8,0.009367,237.5,0.064,2.21,1.238,0.858
682.4,36.415,49.03,0.384767341860828,2268.35949115122,1379.20743331518,19.56,4.124,3.312,3.57412441984423,57.15,88.4799999999999,0.016372,291.54,0.118,2.975,1.073,0.893
762.199999999999,32.11,56.41,0.394297859030081,2962.24534910968,4488.07542765161,22.605,7.43,9.048,2.85030938977586,67.8,71.5,0.013101,429.06,0.089,2.624,1.138,0.824
583.7,38.65,52.36,0.256976887948688,2807.9255685129,4538.99497490435,17.95,7.406,4.304,0.935322595712187,35.85,63.52,0.030865,383.89,0.203,2.284,0.928,0.79
291.1,27.16,59.65,0.307396372263336,2168.04077514155,3977.43572939729,6.89,3.62,8.6,0.742863919870664,39.55,61.24,0.262211,327.18,1.713,1.516,0.5,0.5
795.8,36.19,63.97,0.267570245763335,2446.98600106382,4294.09774503407,33.875,4.286,8.832,2.09926511681597,52.15,57.76,0.008343,261.4,0.054,3.0,1.299,1.344
734.199999999999,36.91,68.41,0.264177711763036,2566.3922440451,2959.86294370564,6.225,6.992,2.632,3.53318622888064,74.4,95.14,0.104864,305.39,0.774,3.0,0.5,0.9
160.2,31.285,58.0,0.375289137489172,2062.82873750915,4097.24117089675,16.83,5.69,4.664,2.80843611765225,77.65,91.06,0.057031,334.08,0.415,0.971,0.758,0.5
705.5,37.6,44.32,0.241468928283361,2691.42543643861,2372.70409902016,14.835,6.176,9.744,3.7568176195494,73.5,92.62,0.024232,393.06,0.177,2.826,0.972,0.848
376.5,30.655,56.35,0.264824041979236,2219.84922341049,1214.69723826821,24.81,4.172,3.72,3.61932040995617,54.4,53.8,0.023311,258.98,0.148,1.852,0.978,0.713
774.099999999999,38.11,48.67,0.11254314088512,2843.96107031746,3817.87723213328,6.505,4.09399999999999,7.536,1.94788233857105,59.05,75.4,0.131208,350.95,0.903,2.943,0.5,0.883
443.0,37.48,58.12,0.38093480291575,2068.07455064368,3868.05824716139,32.02,2.318,6.752,4.33207065605733,44.35,75.94,0.011607,192.12,0.08,2.324,1.168,1.302
155.3,28.375,40.24,0.274614942363275,2303.63742990149,3138.76295616433,28.45,4.658,9.368,2.79765701009717,41.1,88.96,0.021385,224.6,0.154,1.044,0.991,0.5
224.6,29.485,67.18,0.391206588190688,2052.93949894156,4814.2600612667,14.73,6.818,3.672,0.862621800611802,78.2,53.92,0.089696,433.19,0.569,1.445,0.562,0.5
351.299999999999,29.875,65.47,0.326721875946903,2878.0270959925,4307.72652568751,23.41,5.954,7.76,2.30649680913151,57.65,51.34,0.026921,486.6,0.169,1.549,0.954,0.611
793.699999999999,27.13,62.47,0.166120733541533,2711.5956387406,2448.5083060704,31.635,4.982,6.768,1.31512011344456,75.7,89.32,0.006878,164.88,0.05,3.0,1.387,1.864
781.099999999999,31.72,54.73,0.144086310808668,2621.20934932333,4987.85444491645,12.35,6.164,7.224,0.679704063984824,37.75,59.26,0.043692,415.97,0.283,3.0,0.842,1.089
560.599999999999,36.55,42.49,0.383866422972938,2946.13688563006,1485.52856832707,23.9,5.162,6.136,2.62587087073639,53.15,94.84,0.011693,234.32,0.086,2.121,1.166,0.636
123.1,29.965,41.23,0.306149798338202,2856.03654966784,655.19007153624,13.33,6.29,4.288,3.16249976955568,36.8,69.28,0.170557,199.7,1.148,0.826,0.5,0.5
172.1,39.835,51.76,0.133113889260245,2460.11752624677,4978.86386625385,9.48,2.936,2.072,2.07818591225622,44.05,97.78,0.166456,320.65,1.239,1.181,0.5,0.5
209.9,35.155,53.74,0.121306494370776,2783.3456959935,1978.82782527397,23.725,4.958,7.144,4.0704936800385,66.8,51.52,0.045072,254.58,0.283,1.126,0.833,0.5
561.3,32.185,55.09,0.236934777967579,2075.72900716804,3201.37320387678,15.045,2.558,5.432,3.27353482471806,59.2,92.32,0.02492,343.91,0.182,2.782,0.967,0.835
569.7,39.445,55.9,0.239848313864488,2231.5026370931,3900.13179794312,10.215,4.31,8.104,3.47560671746413,59.8,47.98,0.107117,441.04,0.664,2.759,0.5,0.828
678.9,33.985,53.92,0.137838928670048,2615.92087240053,3511.44739788238,16.375,4.466,6.6,4.59564809161123,40.3,69.34,0.027763,446.65,0.187,2.739,0.948,0.884
528.4,29.62,66.43,0.24640725110564,2135.32320293202,4739.85214127937,9.865,5.636,2.952,1.54693768110644,54.85,68.38,0.074259,381.56,0.498,3.0,0.654,0.9
421.3,25.15,55.72,0.259408688629776,2025.78517596139,920.10949220289,7.8,7.73,4.136,4.37642942678466,45.4,77.14,0.111393,431.16,0.772,2.135,0.5,0.64
409.4,35.44,57.79,0.363967223677554,2870.37330931628,3013.68664092399,24.915,4.736,4.488,2.15113984935288,70.35,43.6,0.026863,429.57,0.164,1.628,0.954,0.693
566.9,31.87,65.5,0.387622989751692,2774.79729536577,1438.60333288624,31.32,7.694,8.344,4.69206494293792,48.15,87.1,0.007992,229.12,0.057,2.473,1.32,0.854
791.599999999999,32.665,40.27,0.382032445226807,2834.49836777274,3705.26288451908,5.035,5.198,2.656,4.49144413583692,46.85,86.92,0.150019,365.29,1.076,2.873,0.5,0.862
318.4,28.69,42.52,0.352418436252751,2913.40941165219,4939.3252840789,8.325,3.47,6.816,4.46855266355282,51.0,61.12,0.178353,430.32,1.164,1.318,0.5,0.5
396.1,30.73,67.99,0.31985719834706,2192.90041805716,2140.08998723556,17.74,3.29,6.496,2.61798438121406,43.65,83.1999999999999,0.027455,399.28,0.194,2.371,0.95,0.711
763.599999999999,33.295,52.21,0.293275660015185,2289.59083326056,3995.25443525346,23.27,7.364,5.576,3.00089957770894,38.8,52.42,0.01725,421.51,0.109,3.0,1.055,1.171
584.4,29.215,57.49,0.225100952289455,2422.09120610304,2680.57241741047,30.34,3.104,8.664,1.75997196519054,50.9,50.68,0.012294,169.66,0.077,2.537,1.154,1.581
459.1,31.525,53.5,0.27244333181206,2902.18143543509,2812.01729785345,36.115,6.53,7.288,3.19897147896092,56.25,54.04,0.0112,266.33,0.071,1.735,1.176,0.666
600.5,34.54,48.88,0.367372201824953,2004.15601864044,1743.03484378966,15.535,3.266,4.72,2.06280522820533,48.7,48.64,0.04412,342.9,0.274,2.949,0.839,1.196
261.0,37.24,60.43,0.184590774741646,2357.58577558127,4473.91454690592,10.635,4.796,7.648,1.99798722878085,78.0,67.12,0.143187,375.09,0.956,1.447,0.5,0.5
599.099999999999,36.04,55.27,0.2634136354169,2530.81290100913,719.973060785719,24.88,6.434,7.024,3.42213900770176,68.4,60.64,0.017161,186.74,0.112,2.519,1.057,1.507
611.7,26.62,47.23,0.158782093540278,2852.20990559309,1077.71457711683,8.745,4.508,3.024,4.60350885926528,70.55,79.12,0.063975,446.09,0.446,2.217,0.716,0.665
477.3,25.075,68.86,0.201574459142283,2432.61821806331,1898.58290542206,22.675,6.038,5.336,1.18798192778245,84.2,83.32,0.013771,234.4,0.098,2.622,1.125,0.787
125.2,33.175,67.21,0.356500800450402,2128.00695213053,1970.37919032475,11.3,7.322,2.944,1.91381590886668,50.15,93.04,0.150496,348.7,1.103,0.877,0.5,0.5
517.9,38.185,48.01,0.162343736853225,2340.49161587511,1118.09650440177,5.77,6.86,7.528,3.57851866653061,39.65,56.08,0.304547,474.89,1.95,2.483,0.5,0.745
270.1,25.765,54.4,0.138429768668824,2487.28096318959,3880.05093639555,11.51,6.05,5.224,1.37419114269969,66.95,42.64,0.130666,459.24,0.793,1.272,0.5,0.5
614.5,33.91,41.2,0.367027629228337,2233.49251769381,3229.64155300958,33.315,5.582,4.248,2.42808051145848,35.75,55.42,0.010263,253.24,0.066,2.844,1.195,1.076
593.5,32.905,68.11,0.290809181648901,2757.53346109197,3637.37099481933,38.32,4.448,5.656,1.96386593408598,62.45,86.68,0.006358,230.76,0.046,2.827,1.419,0.98
758.0,35.245,66.1,0.197876623126255,2307.32295647294,4272.94731284776,28.555,6.758,2.216,2.27832813439107,78.3,82.06,0.009061,362.51,0.064,3.0,1.256,1.088
354.799999999999,31.45,61.96,0.308990637153885,2450.77714691592,4258.50136106952,29.57,5.084,9.248,0.602704623212057,50.65,99.1,0.00951,307.79,0.071,1.707,1.229,0.518
188.2,39.985,50.17,0.184086038718756,2384.7350710438,4230.50299083348,8.465,7.058,7.416,1.04852427223407,75.1,68.62,0.306104,435.22,2.056,1.252,0.5,0.5
696.4,29.275,62.11,0.342376962650761,2150.90826588596,3317.88913106655,19.84,4.484,7.688,1.56279945158533,38.0,49.12,0.022369,423.29,0.139,3.0,0.984,1.211
566.2,34.93,60.31,0.344075386602674,2884.79991608537,1398.99605468523,16.725,4.622,4.832,0.942842179071176,45.1,48.94,0.039281,351.55,0.244,2.199,0.871,0.889
383.5,36.385,41.62,0.279385054213245,2293.36019064141,4862.96473186085,5.875,7.586,9.848,4.37030387684251,49.75,87.6999999999999,0.229413,387.14,1.65,2.028,0.5,0.608
660.0,39.025,50.86,0.364763956737349,2177.3867353463,4038.38105820822,30.97,7.382,7.664,3.57080312494216,58.4,98.74,0.007109,353.33,0.053,3.0,1.373,0.913
690.099999999999,29.68,44.71,0.301152724992007,2183.87733935338,1859.41502537414,6.855,4.268,3.456,2.69312316441307,49.9,70.42,0.114736,461.41,0.776,3.0,0.5,0.9
368.1,32.5,51.19,0.132301634338029,2564.3505875588,871.984718554209,7.1,2.198,2.424,1.77752451023941,68.75,97.42,0.125706,363.37,0.935,1.693,0.5,0.508
197.3,38.14,53.89,0.177938638576366,2661.98651524879,4541.53609957727,37.865,3.146,2.816,2.94815454522958,53.25,48.4,0.022065,226.15,0.137,1.132,0.986,0.5
456.3,25.24,52.9,0.2608542455437,2184.25794162771,4966.11706979257,5.525,4.7,3.768,1.19309006611927,83.9,80.8,0.189918,310.99,1.333,2.108,0.5,0.632
787.4,28.795,59.95,0.153446308530968,2402.50525237244,864.640860694102,14.66,3.86,7.712,4.9564706905949,38.1,45.22,0.036027,486.81,0.221,3.0,0.893,1.257
338.7,26.005,55.36,0.167036641351218,2683.66864321992,3379.43572376056,12.63,6.248,8.2,4.05372484215394,67.65,47.38,0.082665,426.2,0.511,1.427,0.604,0.5
408.7,32.26,49.78,0.341832014157998,2216.32539969816,1735.85152947737,37.34,7.184,8.288,1.34839913118624,66.65,72.46,0.008901,214.46,0.061,1.94,1.266,0.769
669.099999999999,25.66,60.19,0.364575255390564,2125.42710778862,677.966850830587,16.2,2.594,4.944,4.44314976270907,74.7,43.48,0.031105,242.09,0.189,3.0,0.926,1.278
228.8,31.015,60.04,0.12082685682357,2298.62289047581,3582.52736299259,20.225,6.356,9.376,3.33328621717724,73.35,71.2,0.038645,444.25,0.262,1.282,0.876,0.5
269.4,36.265,44.95,0.105719559930011,2410.31931363759,2879.78752078536,16.9,6.56,3.8,2.78538992432834,56.55,87.34,0.041966,386.4,0.301,1.607,0.854,0.5
697.099999999999,25.99,69.7,0.380678643701999,2581.98003257528,3072.40980956514,18.44,4.142,3.44,3.31076589059566,64.1,47.62,0.023283,439.08,0.144,3.0,0.978,1.229
352.0,39.295,52.51,0.258006250627841,2180.34106635105,2823.02037373132,32.545,3.674,8.952,1.23496509574917,79.75,44.68,0.020789,238.05,0.127,1.886,0.995,0.794
387.0,32.395,59.14,0.240467485013163,2542.2286428055,3690.51480962732,33.77,7.748,4.92,2.3184500557116,58.9,99.4,0.00761,202.31,0.057,1.756,1.343,0.531
384.2,27.7,58.84,0.155010395523156,2801.15253904291,1284.02565211079,6.96,5.822,3.36,1.58022456764409,53.8,46.24,0.249639,465.28,1.537,1.584,0.5,0.5
743.3,39.595,56.62,0.25475427071443,2178.93672998873,3794.94719034182,28.73,4.028,9.208,1.11800832408148,64.4,58.78,0.012877,456.48,0.083,3.0,1.142,1.095
559.9,37.84,46.75,0.29072574192728,2923.79985525594,2517.78468175125,38.88,4.106,2.264,0.671538773812999,77.5,52.48,0.009744,252.93,0.062,2.148,1.215,1.002
429.7,28.015,57.97,0.162865222984267,2475.99296479611,4054.02790222056,22.955,4.274,4.632,0.783491890310987,52.35,85.78,0.014492,329.99,0.104,1.918,1.11,0.575
388.4,35.515,64.72,0.267311585087211,2528.05637549665,2106.69165547165,8.815,2.072,2.784,4.64391037474278,59.25,78.7599999999999,0.116224,355.96,0.81,1.937,0.5,0.581
221.1,29.41,48.13,0.346000888816168,2894.66808513657,1698.79020742042,12.21,6.26,9.672,3.21309893843836,70.1,50.26,0.143999,453.36,0.901,0.983,0.5,0.5
627.8,37.57,48.4,0.148599106541368,2197.89711025995,4282.54834355541,18.895,5.972,3.424,4.70493222798499,56.95,94.48,0.017198,377.41,0.127,3.0,1.056,0.9
391.9,27.55,55.0,0.363026524198636,2527.27340707193,1216.42154655754,35.695,5.798,5.0,1.05281040320147,76.45,88.9,0.007355,248.6,0.053,1.634,1.359,0.554
135.0,30.07,49.75,0.320831391342078,2118.89255899849,4824.50251006651,23.48,6.962,9.664,3.25576977651496,70.9,68.2,0.050489,443.01,0.339,0.882,0.797,0.5
590.0,34.0,69.31,0.339118066109333,2430.14299168205,4816.54270063096,9.235,5.81,2.376,3.53764670797423,70.15,97.9,0.053495,319.5,0.398,3.0,0.779,0.9
436.7,33.265,65.95,0.278572773160869,2718.12429722348,3211.4090252095,24.705,7.208,5.56,4.56296938465492,58.6,72.52,0.017122,447.7,0.117,2.045,1.058,0.634
323.299999999999,26.47,54.13,0.30300143740939,2662.60577481935,4347.6129150386,31.74,7.448,4.872,1.12251181661687,41.3,58.24,0.014549,370.3,0.094,1.337,1.109,0.5
648.8,29.065,63.85,0.31944797304878,2821.004632023,2428.12591698512,26.42,5.846,3.048,3.58384974465566,52.0,66.16,0.012566,254.76,0.084,2.655,1.149,0.89
379.3,35.32,58.3,0.379761804461452,2896.29314773026,3329.01488070624,36.43,6.026,9.92,2.58914061205122,47.15,78.22,0.010002,285.2,0.07,1.516,1.2,0.5
541.7,34.915,47.02,0.149124648239081,2982.10659825313,985.308382606611,6.05,3.314,5.4,0.681312898258567,43.85,91.54,0.140703,374.02,1.026,2.1,0.5,0.63
287.6,28.675,58.93,0.263995446746058,2479.52309784417,700.468878331977,29.605,7.55,2.704,4.20398007078866,37.65,94.78,0.010937,176.51,0.081,1.357,1.181,0.696
510.9,28.9,55.69,0.196787031440108,2625.36891363956,2711.04678579994,31.88,4.916,7.608,4.6196699552679,79.5,54.46,0.011801,242.81,0.075,2.078,1.164,0.794
681.699999999999,39.34,61.06,0.375720696192477,2555.40348286621,2096.28700966794,12.385,2.852,3.488,3.51708162433992,51.45,46.84,0.066852,420.84,0.413,2.959,0.699,1.004
293.9,32.485,67.0,0.255008085291334,2916.29446575954,4518.62605217232,23.655,7.814,5.024,1.82187768813128,42.2,47.5,0.033806,485.64,0.209,1.391,0.908,0.57
702.0,33.655,61.24,0.297449244322167,2549.77231839173,4665.30545424124,21.065,7.934,7.6,0.772490501743764,59.45,79.6,0.015342,344.19,0.107,3.0,1.093,0.9
102.8,33.805,59.26,0.380159752686624,2720.93834045682,3311.68457552072,7.135,3.554,5.016,2.23382852712299,43.75,93.1,0.449515,347.53,3.294,0.612,0.5,0.5
594.2,39.19,57.19,0.149797429507467,2366.96119056382,4060.26938545261,28.66,5.714,5.104,1.13691827941355,65.4,92.74,0.00986,353.11,0.072,2.788,1.208,0.907
298.1,33.475,67.27,0.157957840838403,2155.24205527151,3760.31838690965,16.025,2.912,2.896,4.53925062217775,49.35,44.2,0.073372,518.31,0.448,1.882,0.66,0.565
457.7,29.335,40.12,0.100597112262806,2529.86472237625,1071.89691838437,11.44,2.144,8.64,1.74655049400489,55.75,65.44,0.065244,389.55,0.433,2.159,0.709,0.648
731.4,29.125,62.74,0.37079975480938,2043.90932040207,694.900794724092,38.67,4.514,3.064,2.74726352264421,40.25,90.16,0.004748,170.5,0.034,3.0,1.532,1.859
138.5,35.08,47.08,0.307232977268795,2685.55676289301,2432.33185285795,7.87,7.724,7.44,1.5870014212309,37.25,55.9,0.510504,515.28,3.266,0.892,0.5,0.5
723.699999999999,34.825,44.59,0.183526998018106,2642.21144800699,2379.96493148107,28.345,2.714,9.632,3.60697554496039,46.8,48.82,0.013272,261.89,0.083,2.903,1.135,1.175
267.299999999999,32.86,66.67,0.262819073249881,2164.09028977005,1451.55275956683,25.02,7.046,6.272,3.3164166147408,84.55,63.34,0.028021,258.9,0.184,1.648,0.947,0.571
734.9,31.645,66.07,0.250301948504799,2203.89855418852,1085.86062248649,39.685,3.974,6.68,1.24257355999356,73.9,56.62,0.007053,209.02,0.045,3.0,1.377,1.355
487.1,35.02,40.63,0.232100356292243,2174.6451727904,1349.75550790056,32.615,5.126,7.232,4.74970559987959,41.85,65.62,0.011626,247.15,0.077,2.552,1.167,0.861
111.9,33.85,65.08,0.116042686184292,2420.79157904372,4873.11147209372,21.45,2.114,6.096,2.97604661122675,54.2,87.0399999999999,0.059173,370.15,0.425,0.789,0.745,0.5
209.2,28.3,67.93,0.155714038584509,2120.80744015516,1899.61577726697,29.325,3.26,7.032,2.84121154930358,69.8,53.74,0.025292,268.44,0.16,1.388,0.965,0.534
381.4,26.41,63.34,0.25120713301069,2283.09398193984,2648.59678508425,22.85,6.986,3.192,2.09403061285681,75.35,77.56,0.01735,318.19,0.12,1.956,1.053,0.587
756.599999999999,39.775,49.72,0.337842069804375,2987.4348273386,3188.97899141796,19.35,7.7,9.0,3.7272355513625,50.2,81.16,0.017335,341.44,0.122,2.648,1.053,0.794
271.5,38.245,56.02,0.190743931407334,2605.46077876803,2653.66774167022,5.665,4.532,6.176,4.03345251872152,35.3,63.76,0.49072,453.37,3.236,1.385,0.5,0.5
657.199999999999,35.065,45.46,0.325518086160619,2312.02535074341,4568.32267906956,38.985,5.132,9.32,1.64128617346691,81.15,40.6,0.009923,244.34,0.06,2.881,1.205,1.463
786.699999999999,27.97,59.29,0.271297568044942,2000.37454011884,2199.24875998587,11.895,3.488,5.6,0.546265188563512,81.5,97.66,0.024981,336.07,0.186,3.0,0.967,0.9
343.6,30.175,44.86,0.21388041526683,2932.9844021807,1584.94773831253,26.455,3.686,9.768,4.07645700202101,78.95,50.32,0.022126,257.0,0.138,1.454,0.986,0.58
154.6,37.18,54.07,0.265818312855522,2275.50151629468,3029.09993632912,28.625,4.712,6.312,4.66379489408253,81.65,48.34,0.04427,274.21,0.275,1.011,0.838,0.5
667.0,27.385,44.68,0.359706966619671,2739.37694442942,740.568837710774,16.585,6.086,7.056,4.71975971923182,69.5,46.72,0.029383,262.49,0.181,2.404,0.937,0.993
632.0,32.47,62.71,0.234793012125619,2643.32749735217,4357.93502304808,20.05,2.324,2.032,0.726826458509767,59.85,53.44,0.024113,356.59,0.153,2.744,0.973,1.06
281.299999999999,34.42,41.68,0.311696551642953,2360.3881699262,1787.09616494946,22.815,7.826,4.056,1.43116696190263,52.75,98.08,0.019536,196.17,0.146,1.549,1.009,0.782
162.3,29.155,55.51,0.183219988637375,2349.62585991571,3303.55858850909,5.28,5.558,3.624,4.45908687779952,72.0,56.32,0.812749,380.49,5.0,0.942,0.5,0.5
206.4,27.85,54.79,0.220479735605446,2886.65274610785,3294.69231587394,19.14,3.824,8.896,2.39171170521667,67.7,55.84,0.059631,420.9,0.381,0.935,0.742,0.5
499.0,38.74,46.06,0.285443533220644,2941.55417800251,1988.49007980731,28.8,6.914,8.704,1.4838435035249,78.25,84.1,0.011437,231.18,0.081,1.994,1.171,0.598
536.8,30.775,61.42,0.338685989887438,2079.11586905952,1225.97741652035,17.67,3.41,2.792,2.88363884849873,57.95,82.6,0.021995,172.23,0.155,2.825,0.987,1.535
601.9,30.67,67.09,0.273740005602026,2682.17088758739,1299.68957743163,21.765,3.356,6.624,3.41110143188977,56.7,63.94,0.017953,267.31,0.118,2.84,1.041,0.978
770.599999999999,38.68,40.36,0.292580361094492,2117.18657005888,3815.95396193794,6.785,5.222,9.016,1.57605880889673,42.45,73.06,0.12885,386.86,0.88,3.0,0.5,0.9
173.5,30.04,43.15,0.294767443869853,2796.93211828248,3633.95695544571,29.675,2.054,3.736,3.66496070048275,64.15,64.24,0.027456,358.42,0.181,0.963,0.95,0.5
188.9,33.445,67.36,0.300169679717739,2009.70807257779,2002.20330949777,38.215,4.088,2.976,1.83474938141058,83.05,65.32,0.016955,264.18,0.112,1.316,1.061,0.5
443.7,29.845,65.17,0.141368356971073,2606.2063337184,1303.03179476762,11.72,2.312,9.512,1.87404461867704,58.45,47.86,0.082528,338.05,0.511,2.125,0.605,0.711
529.8,38.71,69.73,0.151017801469241,2286.46559801813,2990.79104213182,23.585,3.05,5.304,1.67396133972838,58.1,59.38,0.021904,346.18,0.142,3.0,0.987,1.087
459.8,25.435,67.96,0.397155832905266,2406.38920167873,3361.14653165483,14.17,5.678,9.416,2.05037615247261,39.1,86.44,0.029609,375.76,0.212,2.449,0.936,0.735
513.7,27.79,50.92,0.348047727537285,2799.92249938117,3110.81141295491,22.115,3.002,7.008,2.70768759785744,75.65,71.8,0.017128,363.38,0.116,1.871,1.057,0.585
559.2,29.47,53.41,0.155223289565574,2163.53577468407,3365.71205694691,38.845,6.566,7.248,3.96651617686936,61.65,87.52,0.005807,223.63,0.042,2.648,1.452,0.91
139.2,28.045,47.32,0.386803980562258,2651.53710654181,706.039231788122,13.645,3.248,2.304,2.07977606401083,55.6,67.0,0.143454,235.35,0.958,0.749,0.5,0.5
129.4,29.65,62.14,0.146975280460619,2423.4944203047,2467.19662676958,7.45,7.262,7.784,2.21872458159388,47.85,65.86,0.480753,402.65,3.195,0.806,0.5,0.5
422.0,28.945,49.39,0.337054005413515,2448.37625958553,3537.7187726983,38.11,7.916,2.672,0.586414778384048,68.1,83.5,0.007065,235.85,0.05,1.796,1.376,0.642
198.0,38.305,62.44,0.281849662238447,2788.46200580364,4586.86243906097,11.825,3.38,4.976,1.78335341433508,64.65,49.72,0.188852,417.0,1.179,1.031,0.5,0.5
263.1,34.495,40.18,0.376566150606488,2228.89204655517,1908.6295565511,15.955,2.462,5.248,2.20727453356892,67.1,62.2,0.065537,421.13,0.43,1.524,0.707,0.5
193.8,27.01,50.77,0.151864935822002,2639.3772841631,3422.95473275091,17.355,4.136,4.184,3.97944632852046,82.1,67.18,0.064972,392.92,0.434,0.99,0.71,0.5
681.0,38.77,45.49,0.166521851036471,2509.72571950838,1754.17672938126,13.715,6.398,2.888,1.61208664260879,68.95,56.5,0.048434,381.16,0.311,2.963,0.81,1.108
296.0,31.24,63.16,0.340803559423219,2027.51423443841,1097.69465935019,14.975,2.024,7.856,1.61757442890815,37.35,70.72,0.056306,350.35,0.381,1.742,0.762,0.522
476.6,25.015,69.82,0.384124558451774,2762.24848913981,4789.32613761588,21.695,3.086,4.472,3.43459435452056,76.0,92.86,0.012776,408.29,0.094,2.369,1.144,0.711
486.4,37.33,61.15,0.167792520676779,2378.81446848258,812.561220751977,19.21,5.384,8.048,2.83902963775448,65.55,90.7,0.021432,232.51,0.156,2.405,0.99,0.721
422.7,36.715,62.5,0.309916606343008,2999.44600577295,3798.83585025378,39.195,2.126,7.368,1.63441324988534,73.8,88.84,0.006496,242.86,0.047,1.729,1.41,0.586
637.599999999999,26.05,41.53,0.373604701712166,2708.25464065476,2762.15638444659,25.825,5.828,2.576,4.57886592580007,62.4,88.24,0.008867,367.78,0.064,2.36,1.268,0.805
799.3,25.45,67.66,0.116758111041184,2467.86859912818,3260.22795748585,23.06,2.24,3.328,3.04267546132117,45.3,58.06,0.012758,422.23,0.082,3.0,1.145,1.103
744.0,31.84,47.41,0.39266098867129,2657.36308229639,1325.36751239649,39.79,2.294,2.52,2.0059147010069,41.65,60.16,0.007195,241.47,0.047,2.733,1.368,1.201
254.7,35.3799999999999,69.16,0.383214565128162,2551.85218150031,3574.8669953693,15.29,7.07,2.144,0.871747784285883,51.1,43.42,0.095621,485.21,0.582,1.442,0.526,0.511
471.7,36.895,64.27,0.171295827926792,2230.79481130354,4696.8548250347,37.305,5.102,5.888,3.98761023529288,55.25,57.94,0.010555,239.31,0.068,2.596,1.189,0.956
730.0,36.535,63.73,0.104236991741596,2480.62939863813,4242.3772024361,12.98,3.404,4.216,3.64943014290301,72.8,62.68,0.044576,366.03,0.293,3.0,0.836,1.048
324.0,38.23,61.66,0.246388858700255,2810.98484119896,4407.65071299351,21.625,7.532,8.192,2.47544305025068,50.4,73.3,0.030193,410.38,0.206,1.492,0.932,0.5
671.9,32.935,64.5399999999999,0.187468869947907,2678.96947043327,2055.84979838033,21.1,3.812,5.712,3.01282404045698,55.65,98.62,0.011044,346.71,0.082,2.995,1.179,0.899
282.0,38.875,46.66,0.243155161972216,2938.11775108289,2724.81570454568,22.71,3.5,5.408,1.58909336993183,70.05,51.64,0.040878,452.59,0.257,1.392,0.861,0.548
273.6,33.055,40.48,0.358768335922536,2040.12203823484,2722.37796359762,36.535,7.592,7.544,2.01451312364752,61.5,80.38,0.011131,214.47,0.078,1.642,1.177,0.5
320.5,25.9,68.5,0.395922965239262,2324.95486528066,1144.85525208641,8.92,7.658,2.104,4.32097716990212,40.35,40.24,0.187751,425.99,1.128,1.833,0.5,0.55
158.1,30.79,66.7,0.239403360584817,2374.07118864846,2534.65421517812,21.485,2.36,8.856,2.19067451990467,74.05,82.18,0.04346,377.27,0.307,0.974,0.844,0.5
762.9,28.885,65.11,0.257358561958106,2580.45913575623,1927.85192620188,17.635,3.854,4.76,1.25752194459495,72.2,62.86,0.021573,412.05,0.142,3.0,0.99,1.046
747.5,37.765,63.07,0.174203852523191,2333.1160726405,1619.63546162527,37.445,6.74,4.568,4.94849287424563,70.2,89.38,0.006316,194.17,0.046,3.0,1.421,1.864
597.7,39.46,49.09,0.252846619380693,2597.1723198712,4535.59609593059,25.86,6.302,9.424,2.36526718716647,35.95,98.26,0.010244,378.38,0.076,2.508,1.195,0.752
121.7,27.325,61.63,0.283307504545567,2820.80285344859,1534.34565816169,15.115,5.474,4.496,3.94954697677221,46.45,44.74,0.18031,451.42,1.103,0.638,0.5,0.5
732.8,32.74,51.28,0.161435964680909,2297.21582102749,4141.21153623493,36.955,5.264,8.328,3.8544994006946,83.3,63.22,0.007898,222.8,0.052,3.0,1.326,1.286
466.1,35.23,56.92,0.19469798988334,2541.60617463445,1231.6549709545,28.415,5.456,6.992,4.26557995374388,71.7,77.8,0.012834,274.21,0.089,2.074,1.143,0.622
729.3,36.805,54.43,0.264420927103693,2477.5538542844,3937.4349401347,33.63,7.166,5.632,4.18334269917561,49.7,50.02,0.009708,263.58,0.061,3.0,1.218,1.425
337.299999999999,25.705,64.69,0.271311584981683,2239.1771106794,2417.41766147799,11.545,3.632,3.24,2.93015653241386,56.9,60.88,0.082607,383.19,0.539,1.821,0.604,0.546
195.2,25.945,60.4,0.333986749248904,2099.10789142699,3485.19392803699,12.945,4.004,7.192,4.87909895692369,75.85,67.96,0.100929,397.95,0.676,1.104,0.5,0.5
290.4,32.14,60.46,0.165786043787432,2007.86617614577,1044.98298654358,22.92,7.742,5.952,1.72262057710578,71.15,97.06,0.018615,204.81,0.138,1.729,1.028,0.519
474.5,35.17,67.87,0.235075463665939,2281.33799515685,4787.73768086737,8.64,2.012,2.568,0.69712723616084,80.8,82.9,0.094446,433.65,0.668,2.751,0.533,0.825
300.9,32.125,56.32,0.134790607435063,2354.0705687474,1505.30094514669,34.295,5.684,9.808,2.46864626494785,43.25,74.56,0.012769,254.63,0.088,1.539,1.145,0.5
418.5,26.77,56.29,0.358075842673389,2805.73644423562,3979.8790790676,26.84,3.116,5.176,2.57050720257237,75.25,56.86,0.01647,433.54,0.106,1.588,1.071,0.592
594.9,37.69,57.46,0.260168424766292,2868.86178562101,2305.71313175761,10.6,5.864,4.648,0.762903735774313,70.0,93.16,0.049416,422.11,0.362,2.307,0.804,0.692
701.3,36.985,41.92,0.140137902447736,2649.49844219892,3105.93796389021,6.085,4.1,8.624,1.70554433245288,62.65,88.6,0.127456,328.99,0.92,2.983,0.5,0.895
393.3,35.365,44.2,0.123773451865242,2763.74394629257,3036.3829004481,27.96,6.08,8.112,3.62977662802982,35.05,70.48,0.016256,254.92,0.11,1.849,1.075,0.588
172.8,34.585,43.06,0.361806686737051,2017.52475643163,930.001912241698,39.16,4.478,8.584,0.818531496987725,45.35,74.2599999999999,0.0157,245.93,0.108,1.2,1.086,0.5
450.0,32.71,65.56,0.338276173877401,2236.28077236244,3103.10178050544,26.665,4.862,9.056,2.24509190960291,49.5,76.5399999999999,0.013923,376.31,0.096,2.462,1.122,0.739
509.5,25.39,43.24,0.199685218138623,2947.90001864184,1291.23591189657,35.625,4.418,4.56,4.30979938027613,52.2,82.66,0.008837,220.51,0.062,1.875,1.27,0.676
342.9,37.345,62.35,0.241144562015183,2980.33424389081,2412.71029759124,9.34,6.692,5.568,0.987328202174698,39.85,68.86,0.137807,433.33,0.926,1.492,0.5,0.5
783.9,33.64,51.49,0.301713056794895,2124.22793516254,2402.93562545558,14.065,6.896,6.08,0.881018305219884,72.35,76.18,0.028911,418.51,0.2,3.0,0.941,0.9
617.3,25.3,52.06,0.104987565117595,2245.92831856258,4997.71675060402,38.04,7.274,9.704,2.04660776840067,54.3,62.98,0.007752,208.71,0.051,2.737,1.335,1.176
536.099999999999,37.66,54.76,0.276618350248773,2185.65998404603,4435.13323344983,28.31,6.326,9.448,4.45548138743943,38.5,68.56,0.014107,469.3,0.095,2.605,1.118,0.849
649.5,32.92,54.1,0.17494242330031,2370.10077800137,2301.7775824738,24.425,6.8,9.544,0.555247316141035,45.15,94.36,0.010699,239.65,0.079,2.837,1.186,0.851
601.2,37.135,53.59,0.37952483403638,2730.16426579793,1990.47659024202,32.475,3.848,6.64,4.09206978213025,43.8,63.1,0.010243,236.36,0.067,2.304,1.195,0.801
694.3,27.865,42.01,0.311444986151227,2735.87720054081,3641.31320668191,25.615,2.006,7.152,1.36844147784854,45.9,52.24,0.013133,388.28,0.083,2.572,1.137,1.006
394.0,25.405,60.34,0.343076794227652,2722.06649626736,1848.88004894862,20.68,7.832,5.808,2.6112472899998,69.55,54.4,0.02521,464.86,0.16,1.607,0.965,0.615
630.6,31.51,46.72,0.126618505851242,2760.15167487973,4246.47498792983,39.755,5.642,4.744,3.74668793179203,56.2,76.24,0.006775,242.87,0.047,2.448,1.394,0.938
573.9,28.6,57.4,0.254404747910121,2910.59029494251,3077.47846583092,5.595,4.784,4.64,1.10906839301951,58.35,59.14,0.224782,440.76,1.456,2.105,0.5,0.632
582.3,32.815,42.04,0.185019820497622,2417.32866454537,3863.17571689574,8.36,5.426,9.896,1.39002055883636,64.7,78.58,0.085897,403.94,0.598,2.64,0.585,0.792
454.9,39.91,43.87,0.150013965701523,2712.47157618855,3562.04208104519,30.025,2.432,4.088,2.43550598185266,72.7,88.06,0.010726,247.56,0.077,2.165,1.185,0.65
520.0,36.055,44.83,0.211307673694958,2065.54269608315,3515.65973610741,13.75,5.072,6.568,2.57987466082969,79.65,52.0,0.059646,458.12,0.376,2.716,0.742,0.858
186.1,32.605,66.7599999999999,0.244169141017333,2227.39309772466,1311.24286131324,19.735,6.278,4.024,0.668958896408962,68.25,97.84,0.033456,200.63,0.249,1.186,0.91,0.5
171.399999999999,29.89,67.48,0.347473531984551,2353.16293442708,4956.44594859928,10.46,4.07,4.968,2.40176852374534,82.2,71.56,0.176102,369.4,1.196,1.03,0.5,0.5
377.9,29.635,46.51,0.324161516528025,2610.03931213984,4389.15774547212,27.085,4.25,9.36,1.52053471144946,81.05,64.6,0.01704,417.45,0.113,1.596,1.059,0.545
568.3,36.52,68.17,0.180870732094108,2964.28869373677,4512.10045289367,14.695,3.866,2.608,2.22698370556623,51.2,45.1,0.052059,531.35,0.319,2.602,0.788,0.781
246.3,33.4,56.8,0.308276382798788,2419.75237452943,4775.47779553585,16.935,4.034,2.536,1.21251067875891,74.75,64.42,0.05993,397.33,0.396,1.242,0.74,0.5
389.8,35.59,64.5099999999999,0.378247107410549,2939.57651647551,1434.85781293683,14.24,6.35,6.896,1.2830997459015,73.0,79.9,0.046381,393.95,0.325,1.662,0.824,0.5
505.3,27.355,44.17,0.368758195566216,2652.58684111802,1149.62059421471,19.875,2.978,2.584,2.8002310273753,71.05,98.86,0.013526,229.9,0.101,1.955,1.129,0.587
202.2,37.12,44.53,0.217650139725194,2930.13935607407,588.632000925388,25.475,6.188,4.6,1.03088434877984,82.85,40.66,0.049306,252.36,0.297,1.188,0.805,0.52
703.4,28.39,63.64,0.387765082967622,2665.15285913918,1008.53510884779,25.65,7.19,8.032,3.9700027752231,54.55,58.3,0.01256,267.27,0.081,2.982,1.149,1.094
752.4,36.67,56.95,0.394613813548013,2403.8264574661,3131.97909981829,20.645,3.938,2.768,3.98361324787191,79.95,52.9,0.02239,421.24,0.142,3.0,0.984,1.165
769.9,33.37,58.72,0.229938187759928,2023.36636184329,1642.22399447885,30.62,2.93,9.472,4.29906059898766,51.85,42.1,0.012021,294.87,0.073,3.0,1.16,1.295
347.799999999999,26.59,49.84,0.242900416806074,2940.27405522068,2211.2386754816,28.52,4.538,4.32799999999999,2.65280615368572,36.4,86.62,0.011707,201.07,0.084,1.339,1.166,0.5
625.0,26.5,63.61,0.289516794160618,2794.01811018382,2127.5554260008,18.615,2.162,4.112,4.51384447802057,72.45,89.74,0.015355,449.94,0.111,2.562,1.093,0.769
671.199999999999,33.94,44.23,0.15942410105997,2754.13927207266,4553.37674358329,26.875,7.952,6.048,1.2746384832169,74.5,59.2,0.01338,398.35,0.087,2.652,1.132,0.963
647.4,32.575,63.82,0.349378166789796,2206.10147154286,4495.49190982223,9.585,2.996,2.736,4.72802219617765,64.55,64.66,0.075726,424.03,0.501,3.0,0.646,0.9
286.2,35.62,63.94,0.364176431559472,2092.76078504861,3338.58030623664,28.905,2.618,2.328,0.833296056089073,71.45,78.4,0.01723,229.55,0.12,1.695,1.055,0.508
331.0,29.695,44.11,0.162490206720288,2444.81279956725,2902.15550516128,38.81,2.966,9.608,1.5014884846221,82.05,66.64,0.009866,214.13,0.066,1.643,1.208,0.685
378.6,27.19,52.93,0.32243810116948,2034.96563203307,1570.24330453361,20.435,4.364,6.384,1.82736923127652,61.25,46.18,0.032339,279.97,0.199,1.906,0.918,0.791
182.6,33.895,48.37,0.29970079935361,2058.04522728891,1416.79081168686,27.505,6.872,2.592,4.82130760653007,45.7,95.92,0.018955,208.02,0.14,1.177,1.021,0.5
374.4,30.94,47.11,0.21659186862941,2311.07845638134,2012.52564953142,9.445,2.702,4.824,1.90485837681405,68.8,57.64,0.129131,435.28,0.832,1.816,0.5,0.545
240.0,26.32,50.44,0.334240108196097,2306.5163003483,731.566510367417,29.85,2.51,3.152,0.626401115058854,73.25,42.58,0.023981,254.88,0.145,1.172,0.973,0.504
606.099999999999,25.42,55.75,0.220926884117198,2972.73257209721,3238.69132675968,15.15,7.316,6.216,3.65206279598125,49.4,86.86,0.020443,358.82,0.147,2.114,0.997,0.634
634.1,26.545,51.04,0.323101875347286,2629.25243694434,2218.25130319994,5.735,6.266,2.384,4.11081215578804,80.55,94.0,0.108617,378.77,0.798,2.369,0.5,0.711
469.6,28.57,42.28,0.195529890264099,2727.79526731186,3629.29338588209,20.54,5.984,5.536,4.18583169418402,76.35,73.0,0.019682,402.52,0.134,1.951,1.006,0.601
279.2,37.06,66.82,0.234263180923687,2907.34181735169,4609.09140975145,34.085,4.88,7.592,4.74561299621297,44.8,92.5,0.01137,212.92,0.083,1.375,1.173,0.5
599.8,35.935,41.02,0.365051789668906,2573.62208670022,776.176544697768,8.22,5.336,6.688,2.03160368532331,77.05,52.54,0.135394,405.61,0.855,2.528,0.5,0.758
487.8,34.72,58.27,0.343689015235473,2841.66353737201,4172.11667956916,8.255,2.87,8.71999999999999,1.75190648058465,69.35,61.72,0.138541,420.25,0.906,1.911,0.5,0.573
605.4,30.925,58.24,0.170986787808208,2595.47396164026,2397.76436941165,17.46,4.97,6.12,4.35043636842709,78.05,99.34,0.016071,357.93,0.12,2.521,1.079,0.756
555.0,34.885,67.72,0.279809731455689,2789.94728333961,4010.61766303015,33.595,2.408,3.432,4.21084024344814,50.85,79.66,0.008654,231.25,0.061,2.614,1.281,0.97
258.2,35.395,64.57,0.168402409559162,2638.26924323094,941.836148149543,18.475,2.72,4.584,0.559446272567144,36.6,60.94,0.054093,293.43,0.353,1.353,0.775,0.5
268.7,31.945,53.08,0.197003094192533,2086.72960617833,4048.48792316037,35.555,6.554,9.864,3.71006866017669,84.35,67.72,0.013411,252.25,0.09,1.515,1.132,0.5
714.599999999999,36.64,51.07,0.175037351576309,2998.95023735382,1841.23096431786,33.98,2.516,8.696,0.712689169450323,40.85,79.72,0.006447,272.17,0.045,2.566,1.413,0.952
331.7,30.97,56.05,0.235403026184839,2013.21233911067,2249.51076871531,18.685,6.386,7.216,3.88647618844036,38.4,66.22,0.036148,397.89,0.241,1.82,0.892,0.61
736.3,32.68,64.0,0.336678827723508,2126.81801476592,3972.03971892047,36.92,6.428,6.88,2.84744093966018,60.8,75.52,0.006118,230.91,0.042,3.0,1.433,1.157
367.4,28.27,45.01,0.376936701572788,2514.0452186701,3084.60459187796,21.66,5.756,3.08,2.07046136770791,39.8,47.8,0.028948,406.65,0.179,1.576,0.94,0.644
732.099999999999,32.845,57.04,0.256425861893358,2409.09128667678,636.609228165529,24.95,7.298,6.888,4.55729319888681,72.05,59.8,0.014033,253.61,0.091,3.0,1.119,1.082
522.099999999999,34.06,45.64,0.125328221328168,2655.12758030279,878.642374780173,7.835,3.2,7.752,1.47818084188208,41.95,68.08,0.128053,384.92,0.858,2.249,0.5,0.675
226.7,33.46,61.03,0.200298175092371,2313.96264841467,3053.60820062597,8.395,3.788,4.544,4.02775634091829,63.9,69.82,0.224124,376.77,1.512,1.275,0.5,0.5
307.9,34.315,68.98,0.388732554426152,2389.80683473926,1710.75560376819,17.18,5.192,9.24,4.35765079547048,78.15,74.68,0.042908,314.25,0.295,1.795,0.847,0.541
334.5,36.31,62.26,0.202127389347937,2635.44741236682,602.382669396395,16.655,5.012,2.248,3.553503671734,41.25,65.14,0.050912,276.76,0.337,1.617,0.795,0.5
689.4,38.995,60.88,0.178797448742957,2382.62894284678,2948.04767193191,27.33,2.372,2.272,2.2518732627592,58.15,71.32,0.012676,251.01,0.086,3.0,1.146,0.944
580.2,33.205,61.12,0.273623367057131,2782.2517990589,3399.0358464201,26.0,7.97,3.824,0.894045358709155,59.95,40.3,0.019484,442.82,0.117,2.357,1.01,1.034
484.3,35.47,43.72,0.220282377458812,2110.28975145291,1499.20992684039,26.525,5.51,2.488,0.86592618051477,79.0,82.42,0.013107,235.19,0.093,2.532,1.138,0.76
187.5,27.025,45.25,0.157873810303107,2559.62030955135,3828.43740014134,13.925,3.584,6.352,1.39166400937989,43.9,42.76,0.135784,391.88,0.824,1.048,0.5,0.5
370.2,29.35,49.99,0.227293336204227,2647.67910231914,3118.49327502628,34.75,5.726,6.056,2.83347299017978,74.35,75.88,0.009772,259.1,0.067,1.571,1.214,0.604
277.799999999999,28.54,68.53,0.344326253016516,2770.11063173695,3149.35359855236,22.045,4.76,9.64,3.92960680863133,53.7,73.5399999999999,0.025636,375.39,0.175,1.391,0.962,0.5
685.9,36.46,47.59,0.260680004343244,2263.51832965236,4209.76601569312,39.65,6.71,8.128,3.00671788687614,67.9,84.28,0.006182,244.9,0.044,3.0,1.429,1.065
438.8,39.37,50.41,0.168847624511616,2369.06936130087,4419.59867981816,24.53,2.204,8.76,2.22092298421688,84.85,55.96,0.025039,355.29,0.16,2.166,0.966,0.815
725.099999999999,26.44,63.79,0.361240411674962,2589.15190269351,4268.35279774523,30.41,2.138,3.528,1.86432881207668,83.5,48.1,0.010889,395.57,0.068,3.0,1.182,1.223
508.8,27.49,44.38,0.369709318496926,2903.58304156097,2050.76049247072,36.325,7.526,5.584,4.93275321474896,68.85,65.5,0.009697,250.01,0.064,1.824,1.218,0.767
291.799999999999,33.82,59.77,0.188966152087668,2713.41184091414,1812.9687094178,24.635,4.22,4.096,2.27354541474817,53.75,73.72,0.022417,229.83,0.153,1.367,0.984,0.5
412.9,33.34,61.78,0.198683511239609,2885.17854466205,2186.94594960628,14.45,7.34,2.088,1.53724544268698,60.65,58.96,0.055827,430.36,0.361,1.742,0.765,0.523
527.7,30.1,69.1,0.175954877199526,2072.00552211712,4333.23432182402,5.91,4.322,6.168,4.14208815301891,42.5,59.92,0.221174,418.63,1.437,3.0,0.5,0.9
679.599999999999,27.235,50.83,0.169159408249508,2008.60111501174,1995.80043943474,30.515,4.60999999999999,2.648,2.13443636070609,78.5,92.56,0.00802,256.31,0.059,3.0,1.319,0.978
776.199999999999,37.945,61.45,0.355723466723963,2316.40895294441,3849.04264661933,16.69,7.85,7.384,0.624227291132832,64.5,85.3,0.02149,392.15,0.153,3.0,0.99,0.9
200.1,38.02,66.0099999999999,0.110877297106897,2304.72609133372,3222.78316574404,33.175,2.096,7.944,3.24782502428172,39.7,94.24,0.014438,205.87,0.106,1.302,1.111,0.5
475.9,27.91,49.06,0.142754343892639,2427.88770418275,2555.59897231363,36.5,5.07799999999999,5.776,4.49969224720173,39.4,48.22,0.010476,246.51,0.065,2.076,1.19,0.845
690.8,27.64,67.81,0.150686655311925,2105.24929222914,4636.594168116,34.155,6.152,6.84,1.52697421494724,57.85,54.58,0.0084,281.09,0.053,3.0,1.296,1.377
134.3,29.56,46.81,0.258995092759309,2142.49724850589,901.764860490253,5.805,5.024,5.912,3.07267210817709,84.5,94.96,0.451018,302.91,3.326,0.928,0.5,0.5
330.299999999999,31.21,52.99,0.288349566419127,2121.89609129992,3718.69822527846,30.235,7.232,8.384,4.38696259697501,59.1,50.14,0.018881,448.54,0.118,1.7,1.022,0.679
298.799999999999,32.275,53.29,0.135705076403039,2089.47221492516,3079.25777373266,19.49,6.062,6.848,1.95179210935723,46.95,81.7599999999999,0.029734,335.25,0.209,1.674,0.935,0.502
785.3,34.15,62.05,0.329263173757151,2598.1922890188,1537.54364306283,16.06,6.236,2.56,2.93806899803762,61.2,70.96,0.025046,437.21,0.17,3.0,0.966,0.948
309.299999999999,33.685,55.12,0.1361094871563,2193.63310145727,4745.93111375442,39.23,2.306,9.736,1.01930769290036,76.9,96.22,0.007499,204.18,0.056,1.678,1.35,0.526
772.0,25.975,67.63,0.265376922147456,2102.31435598107,3916.72357925304,39.37,7.886,2.992,1.98155678122191,51.75,94.9,0.002924,225.88,0.022,3.0,1.76,0.954
641.099999999999,38.935,66.31,0.132582168835089,2115.87146059018,4118.58206920154,20.61,2.84,6.968,1.18045911696937,74.9,60.28,0.023819,411.1,0.155,3.0,0.975,1.077
328.2,35.74,69.25,0.214236918478542,2224.26520236768,3835.35281572555,28.03,5.75,3.288,2.09205524887581,79.3,45.4,0.025502,372.01,0.156,2.106,0.963,0.881
767.099999999999,38.59,52.42,0.390431572569423,2001.95071430641,1362.52771063736,9.025,3.662,9.232,2.87825544838118,72.1,78.94,0.070512,406.02,0.492,3.0,0.677,0.9
314.2,35.89,45.1,0.139279426658225,2693.24240973241,916.679017804873,20.575,3.308,4.88,1.84455900024433,81.45,54.94,0.040039,232.49,0.255,1.612,0.866,0.613
728.599999999999,39.955,43.99,0.222960267186233,2755.79402518927,3063.23515280356,17.985,5.588,7.488,0.810015621013738,43.35,50.62,0.031466,458.07,0.197,2.922,0.924,1.161
571.099999999999,39.79,61.57,0.219658385899826,2965.35567271646,2478.35783873554,5.07,6.734,3.176,4.81171561308844,72.3,46.48,0.404036,387.17,2.49,2.306,0.5,0.692
643.9,34.795,52.12,0.16421138149388,2842.17803596686,2643.95416986576,12.805,6.11,7.656,1.71761193163554,48.45,97.0,0.029063,363.08,0.216,2.437,0.94,0.731
500.4,29.38,54.19,0.106874509727041,2791.58622983201,3565.06236767269,24.565,6.548,9.856,0.743884641153098,38.85,54.22,0.018598,420.31,0.118,1.967,1.028,0.754
629.199999999999,26.515,46.96,0.144808096341307,2719.7308674752,858.903807597627,18.58,4.256,2.16,4.91867067359267,59.35,58.84,0.021635,232.16,0.14,2.368,0.989,0.864
265.9,37.39,53.8,0.247676921677902,2587.12887972191,3578.73369457399,34.12,4.838,9.96,4.94500055672519,55.9,98.98,0.010531,240.02,0.079,1.337,1.189,0.5
717.4,38.545,69.07,0.237295844010044,2552.55190683877,1308.50132310328,26.945,3.95,8.072,4.07869128273199,53.4,45.46,0.016614,248.16,0.102,3.0,1.068,1.254
662.8,29.395,56.5,0.273109738042528,2087.63755747135,1634.22894677406,10.74,6.776,3.592,4.80743231662352,57.55,69.0399999999999,0.052409,408.28,0.353,3.0,0.786,0.9
198.7,31.195,63.7,0.253173734280962,2213.22426930946,4681.86669829527,21.905,6.284,8.32,2.88532774728045,41.35,96.7,0.026139,303.28,0.194,1.184,0.959,0.5
375.8,34.045,50.98,0.382681589532333,2391.41261767691,750.240698053111,25.09,2.33,3.016,4.63918000047787,62.15,85.72,0.016471,277.49,0.118,1.703,1.071,0.511
539.599999999999,30.445,50.89,0.365663435996209,2424.05755876001,2228.27571151253,39.3,7.706,3.88,1.34380818359506,39.95,59.32,0.008149,219.84,0.053,2.235,1.311,0.989
135.7,35.665,42.46,0.241778106285801,2101.63641041126,2118.34464035011,9.27,2.816,8.008,3.29870789100341,58.65,55.48,0.364146,439.78,2.326,1.145,0.5,0.5
360.4,39.7,64.48,0.168168144924031,2828.7375012481,4899.70899671694,24.32,2.3,6.712,1.1999591008295,38.2,66.28,0.025713,403.03,0.171,1.722,0.962,0.577
373.0,33.61,52.15,0.303405567500957,2854.20513964048,3779.22198418412,8.01,5.45,6.032,1.03841698521188,44.55,80.86,0.136262,423.41,0.957,1.505,0.5,0.5
391.2,29.8,59.5,0.164544088121771,2543.6717006844,2978.47740920396,10.985,4.628,2.696,4.23482014641911,44.1,66.7599999999999,0.080229,406.97,0.535,1.776,0.619,0.533
445.8,36.175,67.84,0.328024428306612,2165.83530249558,1233.97295356988,13.015,2.75,6.92,0.896577675793396,72.25,74.1999999999999,0.056252,363.89,0.386,2.703,0.762,0.811
415.7,32.41,55.3,0.313290772182261,2494.46369840494,2502.99845354271,21.205,6.644,4.2,3.4554229157281,43.7,55.0,0.027869,339.93,0.178,1.814,0.948,0.689
618.0,37.15,68.77,0.117306890722574,2955.38313852824,547.494076780696,32.44,7.64,8.456,4.10174208901972,38.75,89.2599999999999,0.007434,180.56,0.054,2.891,1.354,1.797
530.5,39.64,40.75,0.278469365013329,2337.70365785938,1472.30120573439,14.87,7.244,4.224,2.17170021252594,63.0,90.82,0.032325,355.11,0.235,2.643,0.918,0.793
782.5,36.505,63.1,0.218109544140344,2319.25024289816,1292.52423452321,27.925,2.732,6.872,0.884131967148285,63.7,42.16,0.015418,297.97,0.093,3.0,1.092,1.294
333.1,35.905,43.81,0.181842802848621,2904.42142455059,4841.05827305503,13.26,6.2,3.224,3.38154967125682,51.8,91.78,0.050848,301.74,0.371,1.593,0.795,0.5
313.5,34.345,45.07,0.324953801027019,2071.19871568153,1376.98723672272,18.51,2.786,4.176,0.960049696558626,73.7,99.46,0.024321,415.69,0.182,1.746,0.971,0.524
587.2,26.98,53.95,0.124479378828045,2063.35675332669,1544.31685260003,18.23,7.142,7.048,4.19230487514541,76.4,62.26,0.023525,450.81,0.154,2.865,0.976,1.005
534.0,31.045,63.13,0.185393502944647,2787.40085141676,2156.01083259928,32.51,3.656,5.72,2.71601315815096,50.35,48.16,0.012723,222.04,0.079,2.267,1.146,0.923
235.8,38.725,60.61,0.344816824050779,2633.53211348526,2844.88807287294,15.885,6.488,3.688,0.607032451884479,51.95,69.1,0.073783,353.34,0.496,1.185,0.657,0.5
109.1,32.77,66.46,0.114533643304925,2855.19068772066,2260.58456901352,11.965,6.932,5.976,1.41978885048098,48.05,96.28,0.153998,320.58,1.141,0.692,0.5,0.5
482.2,37.915,53.38,0.240196306457882,2385.80348093038,4190.2229119428,30.06,7.478,9.912,1.00889250862478,77.85,67.06,0.014061,411.36,0.094,2.233,1.119,0.741
268.0,37.435,57.61,0.315270083757243,2116.80367207689,1572.82823863706,16.41,2.708,3.56,4.42731337257191,84.75,76.66,0.053915,382.85,0.373,1.521,0.777,0.5
520.7,38.44,46.93,0.368956546967485,2500.69816171401,1739.07163734241,7.03,2.57,5.472,0.538518267240595,38.6,76.3,0.155591,381.94,1.075,2.241,0.5,0.672
368.8,30.13,65.71,0.268304460692303,2792.50588867888,790.189298737358,33.665,7.664,4.68,4.68552446763545,58.8,76.9,0.01077,219.14,0.075,1.688,1.185,0.506
607.5,27.52,56.23,0.107521346576764,2235.72245211526,4705.66932739867,29.15,6.47,5.848,1.65498798207856,55.85,58.42,0.010986,419.72,0.071,2.809,1.18,1.029
256.1,31.555,47.92,0.172222455175698,2942.65142038835,3668.95732914618,16.445,4.694,3.544,1.857437255478,75.75,42.22,0.080222,473.23,0.486,1.202,0.619,0.5
101.4,39.085,42.58,0.134825153715401,2705.98996023239,3739.24169929779,12.735,5.12,6.104,3.83602929221817,50.6,83.74,0.182711,369.59,1.296,1.084,0.5,0.5
790.9,38.56,60.07,0.340139537079744,2205.00919705161,2319.07116989809,11.405,3.704,9.816,0.635076920840541,69.05,64.96,0.054029,375.88,0.358,3.0,0.776,0.9
292.5,33.1299999999999,69.7899999999999,0.238413654239455,2850.06707647738,1419.24552775957,24.775,4.232,6.416,4.52101707136331,43.3,85.9,0.019061,244.78,0.136,1.528,1.019,0.5
452.8,34.33,64.39,0.14817549752461,2641.32207916558,1005.27161869509,31.565,2.954,7.28,3.80324994630517,53.85,90.76,0.008957,213.48,0.065,2.147,1.263,0.713
581.599999999999,34.6,54.52,0.333439594899403,2557.02878267631,3500.36007532768,26.035,6.392,8.256,1.07133433425288,55.3,97.54,0.009731,373.21,0.072,2.372,1.216,0.732
377.2,35.995,50.62,0.283165849106827,2377.02327193573,536.163735777497,7.695,4.214,7.072,3.43337755093787,35.0,55.36,0.219066,412.79,1.399,1.802,0.5,0.541
524.2,32.29,53.62,0.21601576343429,2535.94476572988,2180.4683680414,32.09,7.292,2.48,2.29430482288027,44.85,54.82,0.012257,277.86,0.078,2.204,1.155,0.839
492.7,28.915,59.98,0.170341104177613,2769.82125730467,1884.90738370335,10.775,2.132,8.904,1.21837494990391,56.1,71.02,0.062453,441.99,0.423,2.009,0.725,0.603
382.1,29.095,54.88,0.337430081810022,2673.52451138957,1221.15697561127,32.965,6.104,9.728,2.96569038506092,39.75,95.56,0.007703,239.64,0.057,1.549,1.338,0.5
149.0,33.385,46.9,0.369158042754824,2198.88708642426,4648.43144047142,14.905,5.96,5.144,0.618584344159141,82.7,74.44,0.104216,366.91,0.715,0.966,0.5,0.5
389.1,39.04,47.65,0.319931341895744,2561.2129641615,852.576360611098,32.23,7.31,8.8,4.78501991284474,44.65,52.6,0.017316,238.46,0.109,1.799,1.054,0.701
533.3,39.385,43.84,0.194101106091898,2026.19967378215,4946.76668527532,8.99,6.68,7.576,2.10320884198228,39.35,81.0399999999999,0.092267,411.51,0.648,2.927,0.546,0.878
190.3,32.44,57.55,0.36132107119176,2590.13882717264,2065.05604876044,18.37,3.35,6.344,3.23830527228448,80.4,53.32,0.075613,417.31,0.479,0.947,0.646,0.5
608.9,27.295,56.98,0.34134430563394,2519.1504168911,1484.28217859098,36.99,3.494,2.056,4.14608110500884,39.0,53.2,0.007851,251.26,0.05,2.468,1.329,1.145
258.9,38.38,41.89,0.130671486332934,2308.79518619476,2393.44884569328,33.07,2.282,5.28,3.49084545190674,63.1,44.08,0.023848,242.24,0.146,1.726,0.974,0.731
553.599999999999,29.11,42.43,0.242348666707112,2604.1206358711,1108.44235291297,10.285,5.24,2.72,4.17884804967711,44.5,47.08,0.085308,489.9,0.527,2.275,0.588,0.769
546.599999999999,27.505,62.53,0.123600157103392,2667.16068137326,666.902250928333,31.775,3.14,8.184,1.79563829766188,80.75,91.42,0.00742,240.38,0.054,2.364,1.355,0.78
551.5,37.615,57.91,0.233182283857981,2059.32533033076,3367.16168060851,32.3,7.022,3.568,1.76221771284154,42.6,53.68,0.01321,248.69,0.084,2.898,1.136,1.116
332.4,34.51,48.25,0.2365814634306,2845.41462412372,3021.01703664395,14.94,2.186,7.504,4.50219239020776,40.5,84.82,0.044385,348.71,0.316,1.467,0.837,0.5
515.8,27.175,58.63,0.12715156794334,2653.74543947418,4170.45572182139,33.105,4.016,9.592,1.3279062942374,56.75,43.54,0.011726,242.83,0.071,2.131,1.165,0.907
417.1,34.3,64.99,0.277197812556225,2207.6635017691,534.908849564806,12.49,7.004,7.336,4.03736325487062,77.6,80.92,0.05457,230.2,0.383,2.325,0.773,0.697
426.2,31.93,49.87,0.39204117754474,2491.6201325978,1747.88876867024,38.005,3.806,6.704,0.579734506312631,70.25,40.18,0.012019,274.04,0.072,1.794,1.16,0.788
522.8,25.525,66.19,0.351949310893981,2991.69469647085,1855.58665676545,24.145,3.206,4.888,0.846287342929069,74.2,93.22,0.009928,197.46,0.073,2.146,1.204,1.317
428.3,38.905,61.54,0.233356344671651,2867.18192813049,1182.11434708017,31.705,4.73,4.368,4.853402705133,58.95,57.1,0.015974,217.66,0.103,1.85,1.081,0.687
692.199999999999,29.575,45.73,0.192654076779865,2162.63352971076,1949.57417902377,23.235,3.8,6.0,4.12729673399626,61.0,50.2,0.017228,256.85,0.108,3.0,1.055,1.198
571.8,33.1,41.86,0.358527632068676,2928.63347821982,4941.81571942015,5.21,7.574,9.88,3.41692376160478,43.05,72.64,0.237422,393.93,1.618,2.135,0.5,0.641
243.5,31.36,42.55,0.158316810403114,2670.17337359529,1890.55464674188,11.02,5.438,4.384,4.43416769610457,57.1,93.34,0.084858,351.01,0.622,1.336,0.591,0.5
447.2,27.67,48.22,0.304423242778712,2256.93615477416,4767.06492600599,14.52,6.182,2.968,2.9027228732403,36.55,43.0,0.054454,386.29,0.331,2.02,0.773,0.72
262.4,30.16,64.15,0.292055810218411,2506.91092718449,4445.2021444205,24.355,3.164,4.064,1.28294874727168,45.05,65.08,0.025992,376.87,0.172,1.332,0.96,0.5
454.2,31.105,68.56,0.16348403364177,2386.28203457257,1393.90750762455,25.79,3.794,2.912,4.75668081911678,76.7,92.38,0.011808,235.91,0.086,2.574,1.164,0.772
124.5,30.34,68.14,0.122225725315273,2452.42422200924,4181.21162973308,22.465,7.796,4.336,3.82530639285369,77.75,83.86,0.049145,327.31,0.349,0.83,0.806,0.5
773.4,32.17,48.04,0.352198300089646,2302.54063512161,2188.61307064327,25.405,7.01,5.272,4.27485635975898,45.6,78.52,0.010732,231.28,0.075,3.0,1.185,0.9
461.9,34.645,65.59,0.199480054583294,2020.61185289472,4555.05720935483,38.355,6.032,9.584,2.89606439989395,36.05,73.96,0.008449,196.41,0.058,2.831,1.293,1.846
415.0,33.5049999999999,59.92,0.315931589330305,2603.08870253375,3242.48891678008,38.075,3.152,6.072,3.85747657851278,83.8,44.92,0.0124,272.63,0.076,1.824,1.152,0.766
722.3,31.465,45.4,0.251619073577196,2858.56484113326,1837.01689520041,29.22,2.384,9.224,2.94168147636951,84.6,81.28,0.009098,237.06,0.064,2.598,1.254,0.95
744.699999999999,28.705,40.93,0.324593727871459,2381.69673716536,3058.33013510976,15.64,5.48,3.056,4.84766864342429,62.5,65.2599999999999,0.026434,384.51,0.175,3.0,0.957,1.017
570.4,38.89,44.26,0.36801857622993,2538.45054413531,2982.447305823,30.48,5.63,6.832,4.39687532112855,37.3,87.22,0.009577,242.31,0.069,2.433,1.225,0.839
181.2,39.73,51.73,0.105348215258082,2733.52306542476,2791.89112961219,31.285,2.606,7.112,2.82926581152205,53.9,51.1,0.032875,238.27,0.206,1.166,0.914,0.5
700.599999999999,29.785,54.16,0.357495089096109,2776.22925139523,1798.75335364618,23.13,6.722,5.376,2.63559787888185,59.75,83.14,0.011492,239.4,0.081,2.524,1.17,0.757
445.1,37.87,43.33,0.14347786245232,2083.06355835028,2746.18240449848,26.385,6.068,6.28,1.40576050716037,54.05,83.08,0.014413,224.44,0.102,2.524,1.112,0.757
606.8,36.73,48.31,0.195020038081602,2129.51074730257,4502.13175127347,38.46,5.06,5.864,3.94421052586493,44.2,66.1,0.007972,233.69,0.053,2.972,1.322,1.244
373.7,30.28,53.35,0.223856044199957,2074.70685734384,1655.561763792,14.415,2.438,3.512,4.35273560572147,45.25,79.3,0.042038,432.22,0.294,1.935,0.853,0.58
346.4,35.41,47.47,0.3724280361738,2156.6721355474,1194.95690901899,29.01,5.522,5.816,2.5626520141544,55.5,44.8,0.023456,285.22,0.144,1.779,0.977,0.748
794.4,36.595,51.25,0.373146787047251,2270.80936115547,4090.28197944223,24.11,6.59,2.752,3.61442137247351,70.45,71.98,0.013136,348.61,0.089,3.0,1.137,0.936
672.599999999999,29.83,64.36,0.385889798122722,2899.08550853085,964.510121558545,22.185,7.862,9.984,1.3058544241987,61.8,40.96,0.021022,273.14,0.127,2.695,0.993,1.175
765.0,30.25,61.48,0.25853764208628,2976.5950779307,1070.25225118885,12.56,5.342,3.656,2.70181385132292,62.05,90.94,0.025684,432.43,0.187,2.837,0.962,0.851
598.4,30.565,43.45,0.117540796989113,2922.89455222689,3506.34713181626,31.075,3.83,9.872,3.06743000703401,50.25,81.82,0.009058,257.35,0.064,2.292,1.256,0.833
680.3,26.845,57.34,0.308784659153768,2822.33349917169,525.949958487593,16.305,3.572,7.136,4.25387691086997,52.1,98.2,0.016145,192.38,0.12,2.478,1.077,1.25
596.3,34.675,50.74,0.1100483793312,2925.02246930832,3300.93429834281,17.6,2.42,6.392,3.71522082644026,43.4,41.86,0.036946,506.99,0.223,2.27,0.887,0.681
203.6,29.77,44.08,0.282994271967487,2681.25790282704,2494.68577955097,12.525,4.13,4.928,2.28629459905396,55.95,73.6,0.106743,425.83,0.73,1.069,0.5,0.5
235.1,34.09,52.45,0.330470334654642,2429.11706701642,1322.42734139889,18.405,3.128,5.696,4.60980022032757,60.5,84.88,0.040068,200.16,0.285,1.199,0.866,0.5
240.7,36.235,62.32,0.303909762603261,2481.69574868898,1558.25517611109,10.005,5.534,7.32,3.4011996022292,36.85,78.28,0.139712,390.53,0.972,1.269,0.5,0.5
733.5,33.07,69.67,0.353852068204021,2974.03118313506,1509.01899482934,16.095,5.498,7.264,3.97526772413899,52.05,75.16,0.023473,405.76,0.161,3.0,0.977,0.9
597.0,38.515,65.05,0.210644366136106,2458.05630327568,3734.59258577928,21.31,3.956,5.216,0.923699805638355,60.7,40.06,0.0295,470.97,0.177,2.989,0.937,1.315
295.299999999999,32.725,62.38,0.284756970458947,2078.35846572854,1657.55088377424,16.34,2.366,4.48,2.36292661336287,45.55,81.58,0.041828,469.38,0.294,1.71,0.854,0.513
223.9,39.265,67.6,0.124214966091933,2645.89052728074,4077.57639679741,11.685,6.698,5.944,3.49406305269323,50.8,87.94,0.103466,418.34,0.745,1.315,0.5,0.5
654.4,35.29,53.05,0.11566824726726,2032.06505159298,3921.93253858226,25.51,3.362,3.368,1.92442198295179,39.2,95.8,0.009412,362.07,0.07,3.0,1.235,0.944
280.6,35.68,40.96,0.19232401793116,2897.89633581852,1491.82692237154,25.755,4.43,3.256,2.504548325063,71.8,79.84,0.021065,221.72,0.147,1.499,0.993,0.5
726.5,36.4,42.94,0.349105021393682,2740.46267978566,4530.03234050598,8.43,3.02,5.512,1.50904850220414,54.5,98.5,0.055499,363.82,0.414,2.773,0.767,0.832
673.3,28.645,60.37,0.110346979525973,2459.11881791626,2441.22484193945,25.335,3.188,5.968,2.91857673109303,67.45,60.52,0.012743,221.59,0.083,2.982,1.145,1.067
419.9,34.81,47.35,0.297341906584238,2380.11816482762,2562.75459607374,18.09,6.404,5.456,3.88136158818682,77.2,49.18,0.043421,405.88,0.27,1.954,0.844,0.788
518.599999999999,39.805,40.39,0.208220412401672,2226.97301055475,3999.3598112942,8.675,4.058,2.832,3.18045606847681,51.25,88.5399999999999,0.089814,295.16,0.648,2.78,0.561,0.834
489.2,27.88,60.22,0.131162536617205,2675.9823786169,969.771317481537,31.53,2.444,4.12,1.22085822204603,79.8,68.2599999999999,0.009916,248.93,0.066,2.064,1.205,0.849
656.5,30.76,64.03,0.184782605266181,2284.57828014099,596.327271218224,5.42,6.476,3.912,3.70528479701932,60.4,55.72,0.233113,402.37,1.49,3.0,0.5,0.9
324.7,37.795,42.34,0.131689291133461,2269.29359184426,2023.32486190995,28.24,3.764,3.2,4.20326059675008,77.8,43.9,0.026217,276.59,0.16,1.96,0.959,0.832
144.1,33.835,53.2,0.326423301052846,2209.16080805141,3354.97362680165,22.22,3.074,8.096,0.856969267277617,47.65,70.18,0.055607,354.83,0.376,0.915,0.766,0.5
765.699999999999,25.585,63.25,0.279573544707919,2473.89114311369,1775.94078403594,11.37,3.878,2.224,4.15380475334373,48.9,49.48,0.047311,395.4,0.295,3.0,0.818,1.206
364.6,39.85,48.1,0.348205494320234,2021.13949386065,1159.51549158795,20.155,6.584,8.064,4.42866754672212,70.75,49.0,0.044405,298.26,0.276,2.03,0.837,0.82
335.2,31.48,52.24,0.390930685140147,2968.56640464029,1954.24163540149,8.08,4.934,7.888,1.08193294114734,79.85,67.9,0.170857,364.57,1.144,1.28,0.5,0.5
585.8,38.62,51.43,0.294135279884979,2723.74112064929,1356.90185442467,11.86,3.428,6.24,1.26514072119986,44.0,52.06,0.074512,402.08,0.47,2.324,0.653,0.734
740.5,30.895,54.61,0.268179338749816,2715.92952914424,831.473740695824,38.565,7.358,9.192,0.70381755243569,82.95,63.88,0.007195,217.93,0.047,2.764,1.368,1.179
390.5,31.18,68.08,0.28028488064411,2191.89721575795,3271.3157470101,12.175,7.52,7.376,4.32681663395089,56.6,85.0,0.052838,331.52,0.376,2.36,0.783,0.708
466.8,32.785,49.27,0.297832752844398,2875.15615259736,2923.79813703046,28.38,5.234,6.72,2.85614038678885,49.45,81.52,0.012038,227.31,0.085,1.784,1.159,0.535
184.0,37.09,69.64,0.142391273893446,2241.953928577,2009.05507365144,10.25,7.088,6.96,4.24276407892355,35.15,97.18,0.128345,310.11,0.954,1.309,0.5,0.5
580.9,38.5,40.57,0.157389264028403,2483.62755808008,2005.63997380054,37.9,3.926,5.76,1.00642841281677,77.55,75.7599999999999,0.006922,227.46,0.048,2.794,1.385,1.075
179.8,31.315,67.03,0.17261727155959,2195.34920957461,1032.61212524513,34.47,5.252,4.84,2.49791206626884,61.75,56.56,0.022931,259.81,0.147,1.181,0.98,0.5
401.0,38.26,43.9,0.24916365411477,2277.64996393077,672.573045940396,24.985,2.492,3.128,4.99010649470927,43.15,80.44,0.018201,217.96,0.128,2.112,1.036,0.634
523.5,38.815,47.77,0.109353229495674,2778.72003653654,3687.0857234571,9.515,4.718,5.736,1.64373669343629,44.4,59.02,0.112695,320.83,0.73,2.258,0.5,0.677
293.2,37.705,64.66,0.399984969695149,2221.56830860333,3286.37091559873,11.93,5.78,9.688,0.973194002326038,36.95,63.7,0.109752,458.4,0.724,1.669,0.5,0.501
365.3,25.81,63.52,0.36013921795497,2961.60315210946,3153.36248286788,15.745,5.186,7.432,1.96979425739319,49.1,43.06,0.052292,447.02,0.318,1.467,0.786,0.523
485.0,33.115,66.91,0.253991310335028,2571.78365301274,1548.68823351784,7.52,7.13,9.184,2.41383365423078,48.95,93.28,0.096504,370.11,0.708,2.428,0.521,0.728
542.4,25.135,45.16,0.119467316558152,2411.95006196705,1275.12925533684,32.335,6.77,7.328,4.49312398210622,53.3,61.9,0.010372,238.62,0.068,2.321,1.193,0.818
394.7,38.785,46.57,0.269531203736285,2977.05142581348,683.443195747662,7.555,7.346,7.12,3.5114772403218,75.3,47.2,0.251777,464.0,1.556,1.684,0.5,0.505
592.8,38.005,63.88,0.293993737107338,2716.83061940778,1442.96025851943,24.18,3.026,2.528,2.07417366585101,48.5,70.66,0.016235,258.58,0.11,2.615,1.075,0.83
142.7,28.165,51.91,0.140870693211826,2585.24014561877,1014.5285316353,14.345,5.156,2.28,3.4875134382512,58.7,95.02,0.080826,394.57,0.596,0.843,0.615,0.5
686.599999999999,27.565,54.28,0.195743240699196,2454.1111974823,1864.68168814525,27.82,4.946,2.64,1.99215206859427,60.2,45.7,0.01258,265.83,0.077,2.809,1.148,1.172
639.699999999999,33.925,55.99,0.34162433438051,2909.37969240816,4198.14691139336,18.125,3.908,2.4,1.23109751536222,59.65,65.74,0.025061,346.16,0.166,2.313,0.966,0.78
620.1,26.17,47.68,0.169360375109365,2466.28571208628,757.305855684214,10.705,7.328,5.32,3.60021405375659,79.35,88.3,0.036989,382.44,0.267,2.517,0.887,0.755
612.4,31.765,45.28,0.119599925664428,2325.73789691669,4470.46445247171,15.395,2.252,4.8,3.38748916539713,65.7,66.94,0.032682,410.28,0.218,2.777,0.915,0.923
663.5,30.385,58.66,0.163706140849193,2674.41039682698,4019.11520472218,22.78,3.626,5.16,4.77506338885473,40.55,76.4799999999999,0.013009,364.14,0.09,2.671,1.14,0.801
340.1,36.37,54.58,0.269477390103279,2364.94146480877,2145.06409943054,21.94,3.998,9.16,2.55874267150452,42.3,63.4,0.031358,372.43,0.206,1.676,0.924,0.581
130.8,35.845,40.06,0.298393635839601,2447.75337818525,2545.48442529964,30.655,3.752,4.784,4.77414569180874,53.35,51.7,0.044675,267.23,0.281,1.064,0.836,0.5
357.6,38.215,45.7,0.268942918204661,2741.30137787416,4985.22186513216,14.31,4.56199999999999,7.84,3.03620130699227,62.6,57.28,0.07175,410.94,0.461,1.67,0.67,0.501
104.9,26.125,58.15,0.389631992130112,2949.59741310217,2616.06045300166,9.06,6.968,5.424,3.99621076632076,46.0,87.46,0.295831,354.42,2.126,0.523,0.5,0.5
574.599999999999,35.035,63.04,0.114962101818153,2359.57547417787,4102.10061557644,30.935,6.272,6.296,1.44368282392583,83.85,46.0,0.014414,503.08,0.089,2.875,1.112,0.863
543.099999999999,35.785,40.03,0.226619923126111,2016.30424224296,1576.66102042149,17.775,4.49,5.296,3.90192356820312,72.4,45.16,0.040431,461.29,0.248,2.987,0.864,1.252
494.1,35.77,52.09,0.362750707776157,2232.57690388462,3175.7754526475,36.29,4.32799999999999,7.696,4.38292064257619,54.9,45.82,0.011983,270.01,0.074,2.297,1.16,0.957
748.9,25.96,44.35,0.146115710001636,2112.92969765234,1623.64075953769,22.325,6.02,2.76,3.10737523601737,39.15,44.26,0.017229,291.87,0.105,3.0,1.055,1.269
664.9,32.065,69.13,0.186270352288165,2743.50272039009,2150.14532662158,7.31,3.71,6.48,1.94160954691087,41.55,40.42,0.16094,453.89,0.967,3.0,0.5,0.9
142.0,33.535,58.21,0.207987569600393,2045.66252228435,1382.44460351913,5.245,5.546,9.432,4.34143808647449,58.05,93.76,0.553868,334.06,4.068,0.984,0.5,0.5
302.299999999999,26.635,55.81,0.310199941058816,2524.83832870471,3965.13761283381,26.56,7.46,8.232,4.06499670376259,55.2,73.84,0.016352,374.08,0.112,1.329,1.073,0.5
540.3,39.28,69.34,0.187921726693858,2847.99687425184,4651.14588156475,8.29,2.036,9.752,3.37879577770635,82.55,93.7,0.086163,385.76,0.633,2.691,0.583,0.807
236.5,26.875,60.76,0.128792947010213,2294.12706051265,2336.05038560508,11.58,4.52,3.552,3.04056939943624,62.55,99.64,0.063095,372.44,0.473,1.274,0.721,0.5
105.6,30.745,64.84,0.182754250186112,2523.84211892313,1002.73428213658,16.515,7.736,3.104,3.45014113710465,72.5,73.4799999999999,0.116702,244.31,0.798,0.69,0.5,0.5
556.4,33.565,62.56,0.134094300806836,2717.96502691066,2704.09765008866,23.34,5.894,8.352,0.805948657155618,50.1,82.0,0.013938,407.66,0.098,2.424,1.121,0.727
723.0,39.115,49.21,0.286483395216115,2257.69602979667,3395.33121973023,26.14,6.902,8.464,2.50907951715215,81.85,62.08,0.014475,404.23,0.095,3.0,1.11,1.055
362.5,36.655,52.18,0.172479828517633,2745.89957457327,2683.76297360993,26.77,2.666,5.704,2.40857159346403,80.6,50.92,0.023526,269.42,0.148,1.636,0.976,0.648
645.3,35.125,48.91,0.255615179057607,2081.62329812682,4516.96808980751,34.61,7.304,9.616,2.24691278357336,40.4,75.0399999999999,0.007614,213.17,0.052,3.0,1.343,1.162
745.4,29.725,60.64,0.379230248750052,2550.52016350111,2577.5591049685,7.73,7.988,6.824,4.89271073668521,55.1,43.12,0.120614,520.91,0.733,3.0,0.5,0.9
629.9,27.115,53.17,0.187259498191908,2986.68840239642,2795.08658224538,14.1,7.388,7.808,2.67440649784083,49.05,94.72,0.020874,366.78,0.154,2.179,0.994,0.654
355.5,32.59,57.7,0.212413278891024,2436.07276300636,2639.84014067487,13.61,4.646,8.392,4.99342415083741,64.35,80.02,0.050784,364.1,0.356,1.691,0.795,0.507
608.2,36.145,42.67,0.113355642493625,2750.1168980407,1351.67978329616,7.38,3.464,5.264,3.86428622011098,39.9,58.6,0.150671,438.73,0.974,2.587,0.5,0.776
758.699999999999,31.795,44.02,0.173934422545474,2671.89676542462,911.405289408827,35.905,2.864,6.792,3.64508258307699,68.0,57.4,0.007833,269.65,0.05,2.943,1.33,1.322
356.9,31.33,67.12,0.210350772874661,2393.77641296074,3371.00929362452,9.97,2.846,3.936,3.52984275914841,67.5,81.22,0.088229,402.15,0.62,1.971,0.571,0.591
282.7,30.205,47.2,0.236267462527541,2917.94845330696,4868.84331766832,14.485,4.082,7.632,4.40289344873471,47.75,74.5,0.058653,349.63,0.403,1.237,0.748,0.5
640.4,32.95,43.21,0.375558973182568,2534.76898741518,1817.8233725887,12.28,5.708,3.008,1.16818299562873,70.4,72.16,0.043896,436.53,0.299,2.581,0.841,0.804
503.9,33.49,66.22,0.14311403720813,2030.6075448519,2481.77851063165,18.545,4.19,4.656,0.99326885529098,77.7,95.86,0.018692,343.93,0.138,3.0,1.026,0.9
151.1,34.75,54.37,0.136382112975151,2749.62423799591,1767.2188191143,10.355,7.94,2.432,3.05037810148319,71.6,46.36,0.305753,429.77,1.883,0.922,0.5,0.5
175.6,27.775,46.87,0.103632268417531,2132.11986536733,3588.86807146608,38.39,5.3,4.704,1.49143693246924,80.95,76.84,0.013207,179.86,0.091,1.143,1.136,0.638
485.7,26.23,42.07,0.366602767566612,2006.05808361216,779.453198417593,26.7,3.608,8.568,3.67557114370572,82.15,86.02,0.010678,212.25,0.076,2.413,1.186,0.724
384.9,34.99,62.17,0.111530255977589,2699.48114010185,4748.33516389019,23.2,2.762,6.864,3.41274795323882,55.0,78.34,0.019964,364.5,0.139,1.795,1.001,0.539
146.9,36.685,46.12,0.262514443207639,2421.78961814279,1971.81842030797,32.895,3.986,8.0,1.98000223950537,44.6,64.9,0.030655,252.48,0.203,1.044,0.929,0.5
118.2,28.99,64.78,0.229463078190539,2666.24595772838,1785.65280371946,11.65,6.158,9.312,1.95556907305973,40.2,52.12,0.281784,399.67,1.776,0.69,0.5,0.5
519.3,38.98,57.64,0.231313008804302,2190.0931027678,2088.92564705161,23.025,7.868,9.216,0.947281664332281,37.0,73.12,0.020052,196.22,0.137,2.622,1.0,1.487
499.7,38.53,59.05,0.283781163396887,2355.6424192782,1868.3622378704,5.49,5.912,4.864,2.20175861901573,70.7,75.6999999999999,0.260912,395.87,1.798,2.385,0.5,0.715
719.5,30.85,69.91,0.394321583907771,2966.71904590518,1673.8085756683,21.73,3.284,4.264,1.79916281018229,50.7,58.48,0.016581,241.17,0.107,3.0,1.068,1.098
470.3,39.58,66.52,0.12302308860358,2692.50761037868,4480.80962146346,16.48,6.308,8.84,2.34459979488173,48.25,70.06,0.038648,366.14,0.261,2.345,0.876,0.75
248.4,28.42,41.5,0.146349031033938,2344.39850473439,2633.41286659551,18.3,3.056,8.056,0.661977927691759,66.35,68.92,0.043512,400.09,0.293,1.429,0.843,0.5
219.0,37.675,62.41,0.11302346913157,2556.13401522845,2548.70720022344,25.965,5.0,3.376,0.72337564623896,73.45,67.78,0.031398,196.46,0.21,1.244,0.924,0.722
193.1,26.395,40.42,0.19308898625855,2362.45825289049,1889.2687642029,14.555,3.77,3.296,1.04176626942783,76.95,41.2,0.120741,465.39,0.728,1.174,0.5,0.5
424.1,32.425,68.05,0.110661631775834,2680.81707207094,4105.29851523064,23.935,3.884,3.92,2.45617804266905,37.85,70.3,0.019029,387.34,0.129,2.166,1.019,0.69
517.2,25.78,69.52,0.247567257089358,2753.33490561465,4322.37320236582,5.315,7.034,9.496,4.54647619931082,40.65,77.68,0.19182,373.23,1.332,2.57,0.5,0.771
501.1,26.38,53.77,0.182484693203235,2846.08534966807,4655.51052046248,15.01,3.134,8.296,4.11763786375783,51.15,49.66,0.04156,466.05,0.259,1.866,0.856,0.749
229.5,33.67,56.74,0.255929385620204,2352.65869363161,4355.42066137988,24.25,4.496,8.4,0.919928372601723,39.05,41.32,0.044521,414.55,0.269,1.229,0.837,0.534
616.6,32.635,45.52,0.287805537167662,2091.71324478722,4026.0748792253,32.265,3.896,3.648,3.08125449309875,39.5,97.12,0.006122,218.09,0.045,2.952,1.433,0.915
106.3,35.275,64.81,0.386333114580736,2167.1865185104,3792.21554934875,6.645,6.524,5.192,2.1559630913152,81.3,47.44,0.831475,423.29,5.0,0.745,0.5,0.5
299.5,39.475,54.55,0.354373851657458,2335.04072880231,2595.7949855518,7.415,2.45,9.104,2.15729284910016,40.75,86.5,0.19553,489.32,1.4,1.532,0.5,0.5
702.699999999999,27.835,51.4,0.251891010983671,2146.60956433398,1424.10678757103,27.155,3.992,3.632,0.776250641093304,69.2,78.1,0.009401,240.93,0.065,3.0,1.236,1.13
657.9,39.355,52.75,0.165075123459659,2898.01300192351,3747.97421132314,5.7,2.18,6.336,4.84387771681609,77.1,68.02,0.220909,352.54,1.48,2.522,0.5,0.757
352.7,29.035,68.2599999999999,0.100003157813892,2261.9900538501,2204.25917467009,34.015,6.626,5.856,3.50488521257425,35.8,68.68,0.011201,279.92,0.075,2.124,1.176,0.691
562.7,25.93,53.11,0.332659417537941,2288.28654125212,685.884787546721,6.54,2.972,2.728,1.46673109413341,70.85,45.94,0.189109,476.05,1.163,2.419,0.5,0.726
697.8,39.145,41.74,0.147114569995917,2748.90647211096,3221.10757499281,32.195,5.816,7.816,3.05756906580043,74.6,71.74,0.008812,236.49,0.06,2.948,1.271,1.176
289.7,29.44,57.01,0.214619778666807,2764.03353243473,1018.70723747865,24.075,6.206,2.128,0.954294066642445,52.9,44.5,0.031469,248.58,0.192,1.262,0.924,0.533
668.4,26.14,50.23,0.188288578189025,2830.22460482294,3533.87321244724,19.035,7.808,5.784,3.76938578646395,66.2,57.88,0.020921,358.38,0.135,2.372,0.994,0.874
659.3,27.535,45.31,0.32798859817296,2567.43747492202,3852.87011421746,35.205,3.962,5.152,3.84163021194013,65.5,72.34,0.006976,245.01,0.047,2.528,1.381,1.003
465.4,33.16,62.02,0.396290223118362,2697.58123822142,3529.41757400861,38.25,4.46,8.736,4.90534850045212,75.9,48.46,0.010201,233.82,0.063,1.978,1.196,0.803
179.1,34.525,43.54,0.169685402317584,2114.63340375651,4688.8132654888,6.435,4.952,3.944,2.32722325731497,66.4,46.9,0.658692,462.97,4.066,1.321,0.5,0.5
289.0,34.48,57.25,0.314364685522407,2924.42521350446,2207.16956649602,27.4,3.842,2.024,4.71131954864482,55.15,62.44,0.022566,281.47,0.148,1.225,0.983,0.5
588.599999999999,29.26,45.19,0.384490241848325,2895.20498429541,3503.6799291124,22.43,4.994,5.48,2.21345002618401,80.2,72.0399999999999,0.015772,373.27,0.107,2.07,1.085,0.645
234.4,34.57,42.64,0.30317572935823,2223.36771580306,2131.05632768306,11.335,2.354,8.432,1.84803520531201,51.3,93.52,0.085678,388.71,0.629,1.42,0.586,0.5
720.199999999999,32.98,68.68,0.235957597585069,2300.05168172116,1904.95858313983,35.485,3.602,4.952,4.70148671374453,65.2,98.14,0.006283,216.17,0.047,3.0,1.423,0.92
348.5,32.305,40.69,0.11351009509964,2790.15335140311,3001.25064584246,39.02,2.582,3.76,3.48209928660922,77.15,66.4,0.010456,248.86,0.07,1.725,1.191,0.577
674.699999999999,25.165,41.38,0.391820340515762,2113.80812037956,4915.65654687367,30.27,5.702,2.872,1.24894333789582,68.55,79.42,0.007279,349.69,0.051,3.0,1.363,1.116
386.3,30.265,61.81,0.39033083099848,2592.18188008439,1943.00239382697,12.7,6.458,8.448,4.77033368352231,41.4,96.04,0.039957,348.38,0.296,1.711,0.867,0.513
783.199999999999,38.965,63.67,0.288452409889067,2956.51891770528,4616.76350506997,30.795,4.202,2.016,2.16363791543133,59.9,90.28,0.007365,324.6,0.053,3.0,1.358,1.002
622.9,39.715,56.71,0.112848417862819,2315.69597420609,3909.64602285411,39.545,3.482,9.712,1.49514990761979,62.25,51.88,0.009656,222.34,0.061,2.974,1.221,1.393
521.4,30.22,41.29,0.11120987235434,2036.30461376917,4135.42902424374,21.835,7.67,2.32,4.23034367841124,68.3,60.46,0.021161,430.52,0.138,2.783,0.992,0.997
562.0,29.2,68.71,0.175766479493312,2453.90635438509,3715.72224266455,34.645,7.784,7.168,2.69063233955652,76.3,64.12,0.008502,229.59,0.056,3.0,1.29,1.277
286.9,31.57,41.83,0.314813129754159,2601.27859033903,707.925430569037,36.045,6.254,8.408,1.51429531202174,72.95,43.3,0.017176,229.28,0.104,1.413,1.056,0.603
210.6,32.05,65.14,0.399044712781,2175.174366429,3557.22393491539,22.745,3.668,2.504,1.6896442754238,80.65,40.78,0.052368,385.75,0.315,1.252,0.786,0.5
463.3,26.725,41.56,0.253485187322815,2908.25942343343,1803.49479391375,37.83,7.28,4.104,0.978605469711889,48.2,88.18,0.008552,187.24,0.062,1.787,1.287,1.114
247.7,26.455,43.96,0.261919191076378,2327.61172074623,1758.00086450012,10.32,7.976,7.0,4.83400218659003,71.95,88.72,0.09176,295.14,0.662,1.285,0.549,0.5
513.0,35.695,55.03,0.294684492814129,2037.097672114,4339.00092010251,39.93,2.378,3.072,0.645026349173463,35.45,59.08,0.008846,249.57,0.057,2.632,1.269,1.166
319.1,35.71,46.6,0.139877842789978,2123.11005192452,4795.94010459642,29.535,5.42,5.648,3.2776524819122,43.6,83.62,0.014358,276.15,0.102,1.863,1.113,0.559
338.0,37.96,59.35,0.271967391632928,2836.91484590106,1677.79458237901,37.06,4.4,7.104,4.64693750221482,67.6,56.92,0.014192,260.5,0.091,1.49,1.116,0.555
711.099999999999,36.07,56.47,0.119844257150253,2394.34080354025,4920.80514070871,31.18,5.504,3.16,4.5910625486904,57.5,95.08,0.007484,373.97,0.055,3.0,1.351,0.952
192.4,25.225,58.54,0.178556526599171,2260.61500722669,4188.30457687986,17.005,7.256,3.608,2.94581264536805,52.4,90.22,0.042225,361.06,0.306,1.049,0.852,0.5
661.4,26.8,59.74,0.24488465375154,2983.07513778173,4960.93490807818,13.4,6.854,9.176,3.868788141951,42.7,59.98,0.035188,413.07,0.229,2.386,0.899,0.859
165.1,26.65,41.77,0.291713517874575,2039.44015249374,2368.40335852889,10.075,3.344,7.848,4.68305953557194,75.15,94.3,0.127508,348.32,0.938,1.09,0.5,0.5
426.9,30.43,46.54,0.277940875604216,2462.74604487926,1207.66677380288,23.55,2.588,7.16,2.95543954070963,74.45,56.8,0.021483,254.48,0.138,1.877,0.99,0.7
397.5,37.51,54.46,0.164000084467293,2823.39816869359,2423.77593277721,28.205,2.942,7.568,2.76518502444892,65.1,69.7599999999999,0.017007,242.28,0.115,1.723,1.06,0.553
461.2,31.78,46.0,0.325141659351585,2331.75784611046,1198.03337786926,17.39,2.552,7.56,4.4832854997291,63.3,85.4799999999999,0.02506,257.26,0.179,2.085,0.966,0.625
145.5,38.665,55.63,0.398327027569494,2737.81659943947,4884.09665615068,22.57,3.92,9.288,3.13904403075968,51.05,62.8,0.063264,466.76,0.416,0.814,0.72,0.5
792.3,29.305,54.85,0.31195216118103,2194.33902979104,3407.78666892956,31.95,7.226,9.128,4.78357748419937,73.15,72.82,0.007632,215.76,0.052,3.0,1.342,1.185
431.8,28.435,66.25,0.262249758504637,2540.95405102725,2327.36595007355,27.855,5.114,9.296,1.6240602185919,71.35,42.34,0.018164,275.15,0.11,2.134,1.037,0.919
748.199999999999,36.01,65.77,0.322634805216136,2634.10717201134,2294.48634353144,7.59,3.236,9.52,3.02161628114545,43.5,98.56,0.065851,329.31,0.492,3.0,0.705,0.9
132.2,37.63,51.01,0.39549079516098,2322.66019737671,3961.69949707377,24.215,5.66,6.944,4.31166844389853,47.7,76.6,0.048402,350.97,0.335,0.872,0.811,0.5
471.0,33.04,45.37,0.153034753602461,2616.06107795985,4715.06217347875,38.145,7.442,5.92,3.96359618434855,42.75,70.36,0.008562,227.76,0.058,2.073,1.286,0.837
531.9,35.5,61.33,0.353477847499157,2266.69701574099,549.752425476462,16.55,5.618,3.848,3.11278087871081,60.55,64.3,0.035295,216.44,0.233,2.62,0.898,0.898
777.599999999999,33.25,49.57,0.333248385404533,2609.69039482862,3250.69975395919,39.125,4.244,7.552,2.61004710738042,65.6,99.52,0.00392,181.2,0.029,2.936,1.635,1.764
159.5,37.9,58.03,0.28661334315664,2356.02651131054,4468.20025822578,15.36,4.742,4.936,2.42445521015604,62.35,46.06,0.148303,452.34,0.912,0.987,0.5,0.5
669.8,27.265,58.96,0.349764074887834,2579.25824438829,797.255519069723,22.395,3.386,9.256,0.996688694619695,38.65,62.02,0.015741,244.98,0.103,2.698,1.085,0.95
249.8,36.295,46.99,0.338960684434562,2328.41960006242,3726.88223641583,6.995,4.184,7.64,0.967013634414874,56.0,46.66,0.422959,431.2,2.608,1.366,0.5,0.5
751.0,29.185,56.08,0.374225688769218,2981.77091220374,4508.92104483126,37.725,7.436,7.408,3.79914272725647,41.8,95.32,0.004773,234.06,0.035,2.545,1.528,0.805
233.0,38.395,51.64,0.220897637941405,2119.53934224191,2829.57150545453,5.945,5.858,8.92,2.13868257281765,37.15,40.9,0.684357,430.06,4.122,1.448,0.5,0.5
230.9,28.72,64.18,0.159937049916068,2906.81744356173,4821.18758269707,19.0,4.64,9.504,4.56508126799979,39.25,49.96,0.058475,460.36,0.365,1.083,0.749,0.5
604.7,25.51,59.44,0.305378560054271,2901.02653220387,924.192027428775,26.105,7.604,4.35999999999999,1.70130688167849,78.6,40.0,0.016,244.49,0.096,2.218,1.08,0.976
683.099999999999,25.48,69.0399999999999,0.372052737318313,2159.72821634861,2993.54890858646,26.98,2.798,2.472,1.41276703606309,72.65,93.94,0.007597,332.33,0.056,3.0,1.344,0.964
578.099999999999,39.43,65.23,0.329677896546634,2880.23107479658,2799.86711042588,31.495,3.614,4.16,2.19759089942752,64.95,64.78,0.012266,242.04,0.081,2.495,1.155,0.851
727.9,28.585,61.51,0.361952483804107,2995.09158207332,4837.17017957838,8.5,3.338,3.856,2.52173112920516,80.05,47.68,0.092478,519.37,0.573,2.651,0.545,0.795
361.8,26.53,50.26,0.313359894592586,2144.28484049437,1591.43802356402,28.065,6.14,4.376,0.958625065962861,44.3,73.78,0.013595,263.62,0.093,1.743,1.128,0.531
417.8,31.09,55.78,0.146512365413785,2853.89805428944,3459.7732312707,34.785,5.168,3.344,1.53102606414026,64.6,75.46,0.010005,257.57,0.069,1.687,1.2,0.506
435.3,33.865,64.12,0.332152836173834,2689.18704374855,3472.05913693973,36.64,7.238,7.4,1.93343147090258,36.9,74.62,0.00846,200.9,0.058,1.968,1.292,0.765
214.1,32.23,40.6,0.202606147614063,2418.67251845607,4737.93976285673,34.68,3.278,8.496,4.97853194558579,56.3,62.38,0.018115,247.4,0.119,1.347,1.038,0.5
254.0,34.21,68.8,0.280398723225067,2944.20642127176,2382.77673579168,34.435,2.696,5.12,2.16768694107024,65.25,51.82,0.01875,274.17,0.118,1.277,1.025,0.501
504.6,26.2,68.95,0.213324152251161,2572.39654278232,2166.52356145049,8.885,3.446,7.256,0.612012112510811,59.7,85.42,0.065786,449.42,0.469,2.634,0.705,0.79
699.199999999999,38.575,55.42,0.19158787172401,2833.1763869865,3345.40311049204,15.325,2.612,9.152,3.81031596236786,52.55,93.58,0.023505,299.08,0.173,2.688,0.977,0.806
643.199999999999,34.39,51.37,0.156401303220335,2019.29122914019,2840.85065714604,8.115,2.828,4.448,1.89992509753072,58.85,88.42,0.076986,394.22,0.555,3.0,0.638,0.9
704.8,37.27,57.28,0.348994505351781,2098.02541912674,1666.79731551654,23.62,3.638,4.04,4.10465465692655,35.35,98.32,0.010273,234.02,0.077,3.0,1.195,0.9
512.3,27.31,60.67,0.392263420055368,2520.59413071535,806.881276394487,32.93,4.406,7.728,1.09922164659457,81.8,49.84,0.011287,266.67,0.07,2.198,1.174,0.881
741.9,32.02,47.29,0.166890554067065,2881.67189274359,1133.81821536967,33.84,4.376,6.976,4.3698203014243,42.0,47.02,0.010623,222.89,0.066,2.675,1.188,1.102
510.2,26.365,65.65,0.396407233551798,2952.17537127862,1177.17029330786,8.78,4.874,6.432,2.63093277597968,78.55,84.34,0.066584,382.95,0.473,2.09,0.7,0.627
359.0,36.49,59.02,0.153263254646269,2973.21494037859,4394.41850038697,13.54,4.346,9.48,3.54325412684436,47.3,60.22,0.072726,427.24,0.473,1.538,0.664,0.5
771.3,34.015,61.93,0.381811683897043,2053.89482735042,2656.56857627948,27.68,2.756,6.192,3.27105090568218,57.45,59.5,0.011579,250.83,0.075,3.0,1.168,1.086
567.599999999999,34.435,52.33,0.133776740020946,2773.39728729056,1169.40201691331,17.11,4.85,4.536,1.36207375413083,65.9,83.02,0.024081,235.56,0.17,2.256,0.973,0.677
444.4,25.045,49.3,0.209224702648929,2258.57006117008,4523.48642103739,16.865,6.5,6.928,0.630543137079836,48.6,55.18,0.033127,389.01,0.211,2.008,0.912,0.762
784.599999999999,27.445,53.71,0.298744526748918,2505.16261693934,3016.8356098861,37.935,4.472,7.736,2.95777230508348,52.65,68.14,0.005168,223.08,0.035,3.0,1.49,1.235
277.1,26.68,66.97,0.310932026899148,2752.62770805307,1445.70268839982,6.715,4.706,5.048,4.41117508712805,41.2,98.02,0.160509,348.04,1.196,1.335,0.5,0.5
139.9,39.895,57.76,0.365266705905763,2217.74649140511,564.349067584216,9.69,7.766,5.2,4.21505756262859,82.0,71.68,0.286674,398.75,1.947,0.928,0.5,0.5
660.699999999999,36.61,40.54,0.3021121803756,2824.53739560293,1268.18264092264,28.835,7.994,4.552,3.26446170266812,74.8,55.78,0.013953,275.75,0.089,2.618,1.121,0.987
497.6,30.49,49.51,0.20114345584818,2851.74996047039,4832.85237652359,20.19,4.778,6.584,1.00127326783926,78.35,86.38,0.017758,326.12,0.127,1.902,1.045,0.571
676.8,31.135,42.61,0.38122668763385,2106.41038292303,4066.86949109625,28.765,6.638,9.656,4.93894702190262,47.95,85.6,0.008235,323.48,0.059,3.0,1.306,1.051
349.2,33.97,53.47,0.218599033539356,2329.2477309895,1826.53046183006,15.57,5.6,7.92,1.59396550752511,79.25,80.62,0.041246,364.59,0.289,1.721,0.858,0.516
100.7,38.05,65.86,0.192812916548932,2365.3861026378,835.131308149605,8.045,7.496,2.0,3.52221908433843,42.65,89.14,0.401394,300.35,2.901,0.768,0.5,0.5
208.5,26.74,55.6,0.25824108654301,2967.29712171562,2350.42961618485,21.275,5.492,9.112,3.22953026703856,50.5,65.2,0.040909,425.79,0.271,0.896,0.861,0.5
789.5,30.685,46.03,0.355947627374533,2242.91486439022,846.5422044898,37.48,4.37,7.616,2.90348329290661,35.9,41.5,0.008273,210.29,0.05,3.0,1.304,1.514
242.1,36.325,43.78,0.20443097764283,2309.27083225126,3614.89445047917,26.49,3.254,3.32,2.5548116308598,48.65,49.36,0.033826,456.09,0.211,1.502,0.908,0.605
511.6,29.17,69.94,0.231870994845713,2574.86236370874,4253.87089959519,15.92,6.422,6.008,1.30302800204273,65.0,52.18,0.038594,468.5,0.243,2.776,0.876,1.086
610.3,28.18,48.16,0.280628461213802,2659.57077830466,2565.65502774221,12.84,3.326,7.872,3.75232449146543,52.8,77.38,0.034663,393.9,0.24,2.306,0.902,0.692
136.4,34.36,51.55,0.312731934276649,2583.32875161028,4607.87283536345,21.17,3.914,2.904,4.97586494551705,41.9,42.82,0.093442,354.83,0.567,0.834,0.539,0.5
779.0,25.84,61.36,0.109144076200325,2978.4963662472,2273.02956760577,38.775,4.16,6.76,0.690273843976626,51.55,63.46,0.006838,245.46,0.045,2.876,1.39,1.231
350.6,36.565,40.81,0.274039899576122,2771.84645229173,2669.51634478057,39.86,5.732,3.272,3.5577231237179,80.15,89.68,0.007803,201.82,0.057,1.71,1.332,0.575
490.6,30.985,53.86,0.228763379119692,2563.01454466566,3711.66545167649,25.58,3.398,5.448,2.98346339227125,82.9,99.58,0.010019,308.48,0.075,2.045,1.2,0.614
398.9,27.925,61.84,0.396969329073255,2969.47605040219,1028.52146102602,10.495,3.272,2.192,1.6026958408341,69.9,54.52,0.09611,442.45,0.612,1.542,0.523,0.5
646.0,27.895,50.95,0.253721547301605,2152.14489487209,3027.02419757308,17.285,2.906,8.68,3.68432901467014,76.55,93.46,0.016229,387.4,0.119,2.926,1.075,0.878
442.3,28.36,42.91,0.185618621503158,2225.24398964337,2473.18752469515,35.59,5.792,2.96,4.82888277593446,69.75,49.06,0.011122,288.74,0.069,2.166,1.178,0.874
538.9,30.46,49.81,0.357911285280963,2844.14866272775,1730.38890570302,7.205,6.362,8.488,3.17253375449638,62.95,56.68,0.158758,403.16,1.019,1.952,0.5,0.585
754.5,32.245,55.45,0.223472185126897,2061.27134903177,1526.49858971597,26.91,3.566,9.832,3.7426669877756,47.55,95.5,0.007205,217.73,0.053,3.0,1.368,0.947
450.7,28.135,65.41,0.2017504640807,2010.02058449429,1121.96902863033,36.57,5.054,4.128,1.2620168211294,63.95,61.78,0.009602,285.1,0.063,2.712,1.224,1.177
737.699999999999,32.695,54.91,0.335589992172446,2866.15524024593,2356.54252799456,27.575,7.508,6.368,3.47224166796755,48.55,64.72,0.011993,292.41,0.079,2.624,1.16,0.895
312.1,38.92,40.99,0.305819173396284,2301.53135463156,3415.28919999768,7.24,4.598,2.6,3.76305998364842,69.0,74.92,0.235582,429.5,1.619,1.808,0.5,0.543
119.6,35.95,59.62,0.107160334613317,2318.15643704267,1052.9078621845,22.08,2.822,3.952,1.33981377687895,64.05,85.66,0.053793,215.11,0.384,0.882,0.777,0.5
464.7,25.18,52.0,0.306861813795408,2900.20788625514,3674.99645368018,35.135,3.59,6.52,2.35235242600723,81.9,42.04,0.012158,262.35,0.074,1.657,1.157,0.716
516.5,39.685,42.25,0.178014887388323,2806.93436701476,2765.91157153042,31.005,4.754,9.992,4.91083839327876,68.35,52.36,0.01592,248.37,0.1,2.321,1.082,0.907
410.8,38.47,46.33,0.160676139292766,2985.4954913162,4290.82603542136,32.755,5.444,7.424,3.66273628072863,61.1,65.8,0.013104,257.77,0.087,1.807,1.138,0.609
715.3,36.13,53.44,0.326874285666159,2379.28185477477,3205.81428253092,7.94,6.656,7.896,0.698942216000505,37.45,96.52,0.065741,326.1,0.487,3.0,0.706,0.9
604.0,35.605,48.58,0.321867030615969,2060.38867728968,762.060834147987,12.455,2.648,6.232,3.94238078232608,51.6,75.34,0.045913,399.43,0.316,2.938,0.827,0.881
636.199999999999,32.83,48.97,0.159266408105694,2186.8172222002,1245.96228488037,13.225,2.0,2.848,1.72773197357027,72.55,84.22,0.033985,388.01,0.241,2.967,0.907,0.89
132.9,38.065,54.25,0.215218637731216,2139.97178208272,4178.66495285773,34.365,7.964,3.872,0.563394902250964,71.0,62.14,0.030363,219.12,0.199,0.999,0.931,0.5
153.2,34.2549999999999,50.35,0.385407212921034,2343.43385164923,1462.39304353212,24.495,2.018,9.8,2.4580873462974,43.0,50.74,0.057273,260.62,0.359,0.912,0.756,0.5
577.4,31.66,60.16,0.139396733587055,2816.59127543574,2242.5159390135,28.94,5.468,4.816,2.32467024406768,65.95,42.88,0.015886,307.66,0.096,2.322,1.082,0.995
658.599999999999,34.84,67.15,0.191123721494512,2398.75087106779,1595.77372781732,38.705,6.746,2.464,1.46256135142557,46.7,41.74,0.009773,250.44,0.059,3.0,1.214,1.512
667.699999999999,39.52,42.16,0.28584762345596,2584.63340085431,1715.29733843554,19.63,5.882,9.088,4.92418385009078,59.6,41.08,0.032254,449.77,0.194,2.856,0.918,1.244
707.599999999999,31.75,40.78,0.233799168161388,2704.06337497047,876.708153081131,36.185,5.486,2.24,2.11968601386212,56.35,96.88,0.005713,173.61,0.042,2.797,1.457,1.696
529.099999999999,29.86,52.3,0.290117382758076,2431.76151063171,1083.01400868094,23.445,4.652,6.536,1.81755233578552,60.95,54.76,0.019522,257.06,0.124,2.225,1.01,0.848
503.2,28.315,47.38,0.313617962388016,2664.10178247262,2136.61746068134,28.135,2.27,3.728,4.61364621226544,39.6,41.98,0.016171,267.9,0.098,1.95,1.077,0.843
403.1,30.625,40.9,0.385165609712752,2292.82260056066,3284.09828833269,15.815,7.778,3.792,2.08806939667394,60.85,59.44,0.045057,415.63,0.292,1.929,0.833,0.699
153.9,26.245,55.96,0.374025399477917,2145.03688694735,3316.40434409679,16.97,5.672,5.208,2.78601517824597,35.1,41.38,0.110075,469.91,0.664,0.865,0.5,0.5
462.6,36.865,64.3,0.270792569949276,2323.27993389694,2930.22837735163,27.295,4.988,9.4,3.63219939356993,71.65,71.44,0.015719,229.13,0.107,2.427,1.086,0.763
305.1,31.12,48.28,0.300958836563701,2669.28509516869,4717.34076787487,34.54,6.314,7.936,4.01991830991715,46.1,63.82,0.013682,271.1,0.09,1.354,1.126,0.5
716.699999999999,27.625,44.05,0.209831119049362,2375.31897563029,3542.07068017918,15.255,6.806,5.008,1.7286552222299,50.05,86.14,0.020934,338.04,0.15,2.992,0.994,0.898
214.8,26.92,58.81,0.163087027679485,2141.25178229582,4952.39817740063,25.685,5.87,8.928,3.13544604146257,70.65,81.6999999999999,0.021009,431.93,0.148,1.219,0.993,0.5
245.6,28.63,50.29,0.217542379553368,2428.35091501255,2366.11086995629,10.845,3.524,3.232,1.09794537438409,64.45,76.12,0.110133,394.02,0.76,1.229,0.5,0.5
107.7,37.585,56.53,0.145483472963643,2002.73199394181,2868.85448829737,21.87,5.354,2.344,1.19291467382006,45.45,41.92,0.111472,433.99,0.674,0.931,0.5,0.5
797.199999999999,25.27,54.22,0.102351199046179,2688.76949293319,2279.53654165168,9.41,3.518,9.792,1.81359129656718,57.25,91.9,0.035514,310.3,0.259,2.96,0.897,0.888
625.699999999999,39.205,58.78,0.357365148797042,2576.14707348092,2311.86642519584,26.315,5.918,8.376,1.78802655081494,64.85,47.26,0.018732,228.9,0.116,2.645,1.025,1.087
495.5,34.975,56.11,0.173599114280298,2388.75061475164,3191.30964620793,26.35,2.804,4.776,4.542461241027,63.65,84.0399999999999,0.012988,387.06,0.092,2.292,1.14,0.688
515.099999999999,38.32,49.24,0.230913458404924,2339.09783416065,948.283179867763,19.315,6.884,8.872,1.88452580696958,49.65,83.92,0.022843,208.38,0.162,2.415,0.981,0.725
633.4,30.415,66.61,0.245000662282655,2358.94023024142,4618.23157221227,6.26,4.904,7.36,4.89190115485442,54.45,77.08,0.133052,422.63,0.922,3.0,0.5,0.9
575.3,34.705,43.57,0.224290715081833,2265.74076861775,2446.27719173653,11.16,4.568,8.94399999999999,4.89890983018274,57.6,45.28,0.083594,444.5,0.513,2.724,0.598,0.943
767.8,34.735,57.16,0.200164164502701,2376.84487531096,4093.52848048766,9.375,4.544,4.592,2.60332211151261,62.85,46.96,0.090225,368.35,0.557,3.0,0.559,1.016
181.9,30.7,59.71,0.171630818733052,2238.6454722959,4001.99518825501,13.82,6.782,8.744,4.41752906594544,48.8,59.86,0.117589,441.43,0.764,1.08,0.5,0.5
305.799999999999,25.0,55.06,0.160126827633126,2915.43612652913,1553.07779220147,29.185,7.88,3.392,4.63527998681937,41.05,41.56,0.020383,258.33,0.123,1.223,0.997,0.53
532.599999999999,39.16,65.44,0.296581000613434,2439.08134878064,4400.89137663464,36.15,7.484,8.75199999999999,2.73480031119126,63.6,65.56,0.009646,239.89,0.064,2.715,1.221,1.142
369.5,35.53,65.74,0.288854649242793,2271.81011339468,4368.35959375231,23.865,5.888,7.96,0.517668662016946,71.75,53.56,0.027466,463.5,0.174,2.073,0.95,0.8
708.3,26.29,54.31,0.180047564483725,2696.28863055324,735.138401529218,15.08,4.502,5.392,3.12333231610128,35.7,88.36,0.018915,189.74,0.136,2.646,1.022,1.4
664.199999999999,25.735,52.78,0.205130812474873,2747.54355286111,2597.34107336644,29.43,4.688,2.184,1.17351054961128,71.85,78.88,0.008708,203.25,0.061,2.423,1.278,0.906
402.4,32.53,45.94,0.252416673601884,2244.01545661652,884.649361987372,35.065,3.224,3.144,4.53315534839345,56.05,84.46,0.008312,231.28,0.059,1.986,1.301,0.704
416.4,33.8799999999999,67.69,0.173133233688476,2997.13681863091,4429.38279629914,39.72,3.98,5.84,3.21506136049266,68.6,56.98,0.00941,206.47,0.06,1.908,1.235,0.86
635.5,36.97,50.71,0.189214837849324,2951.66503667454,4693.11276276289,37.165,7.898,8.12,4.79991565347621,63.25,57.16,0.008698,233.46,0.056,2.365,1.278,1.064
253.3,32.32,51.67,0.170129545948254,2028.59241456886,4279.23957218621,7.625,4.682,4.904,0.512622446252269,47.35,71.62,0.235118,430.98,1.597,1.505,0.5,0.5
796.5,34.87,57.22,0.248179143277589,2813.92084188261,1936.25001782847,37.55,6.212,8.592,1.63150430485004,57.9,76.06,0.007372,229.03,0.051,2.979,1.358,1.143
746.099999999999,30.31,43.18,0.388018351526549,2929.25788768543,1519.82246121913,14.59,4.382,5.504,0.615033190541773,53.0,62.74,0.030679,350.1,0.202,2.549,0.929,0.89
506.0,39.61,47.74,0.353169114216463,2890.72226693185,2782.39203929413,22.535,7.772,5.624,1.44915102361932,75.95,47.92,0.028316,436.22,0.176,1.98,0.945,0.809
266.6,36.88,67.45,0.250632934886101,2912.62414890784,1113.24122846316,20.365,6.704,9.784,3.78491817744484,64.75,77.86,0.035248,220.62,0.245,1.331,0.898,0.5
650.9,35.8,42.73,0.154683779583412,2607.36426986104,4071.15735746642,28.17,7.412,8.36,3.81759644299826,35.2,92.44,0.008872,335.96,0.065,2.787,1.268,0.91
457.0,33.19,55.54,0.202905042183946,2415.44844552197,663.003561266136,30.375,4.04,7.904,2.57669115416743,79.05,92.68,0.009203,293.62,0.067,2.08,1.248,0.677
706.9,26.56,69.61,0.393717913271463,2273.91324055255,4449.88256836649,36.01,3.458,4.456,2.30402884476969,72.6,41.62,0.009033,277.63,0.055,3.0,1.258,1.513
306.5,28.09,69.88,0.181073797780021,2140.96244729494,2017.5499400316,24.67,7.982,8.864,3.72259851809444,74.65,61.0,0.023333,238.15,0.152,2.043,0.978,0.727
674.0,25.825,40.87,0.232302649553026,2780.69394844446,3322.33242413838,29.64,7.646,6.112,2.03737839998871,47.05,86.1999999999999,0.008704,242.4,0.062,2.51,1.278,0.874
757.3,37.825,64.45,0.238868314922911,2758.89389258305,4809.17706318337,13.12,7.514,3.864,2.91177456167488,69.25,63.64,0.042896,392.77,0.283,3.0,0.847,1.036
449.3,29.95,63.37,0.133414838292443,2250.29444889207,1339.86945101214,30.445,6.542,4.072,1.47214660272076,83.35,73.9,0.010783,221.39,0.074,2.367,1.184,0.72
238.6,34.105,67.9,0.115138550330368,2413.57343788812,609.021413400915,39.965,2.546,2.256,1.43912013176828,42.9,94.66,0.009027,163.16,0.067,1.448,1.258,0.884
624.3,34.405,44.74,0.317365011622299,2545.35816271803,4907.17153598647,24.46,5.144,5.544,4.46153825956442,62.9,74.86,0.013998,407.43,0.096,2.555,1.12,0.768
424.8,39.49,64.6,0.354427766633758,2169.59089294318,2756.35600171278,18.055,2.396,5.04,4.26796027151279,63.4,58.66,0.042787,450.15,0.277,2.399,0.848,0.876
356.2,36.925,67.06,0.295900655228351,2738.43913490857,3662.76198879405,5.455,7.544,9.12,3.34030159668648,69.95,63.04,0.407409,463.16,2.679,1.763,0.5,0.529
339.4,27.655,66.88,0.12578859329642,2310.4389714207,987.367463075192,31.215,4.238,8.144,3.75992432362259,56.85,51.94,0.016068,283.33,0.101,1.923,1.079,0.754
405.9,25.12,62.68,0.283943594936901,2449.08350071669,603.956948554365,23.795,2.456,6.256,0.518382027745026,45.75,98.38,0.011198,229.57,0.084,1.9,1.176,0.57
213.4,35.185,43.36,0.150149209219437,2893.39718352961,2729.52799848057,15.78,3.08,4.016,4.34596866322802,40.05,50.08,0.10014,465.64,0.626,1.262,0.5,0.5
755.199999999999,37.645,42.13,0.160540154537379,2107.75555113854,2484.60832453468,6.19,7.634,5.168,2.69816858722161,63.15,61.66,0.175116,455.79,1.146,3.0,0.5,0.9
329.6,27.205,41.41,0.388346775680771,2425.54952888232,3952.01124737744,10.11,4.814,2.68,2.64772295913953,69.3,55.6,0.122389,446.17,0.782,1.52,0.5,0.5
775.5,32.755,45.34,0.305184150757511,2492.27738118298,2386.04821121131,29.99,2.258,4.408,2.97368165249615,37.4,71.38,0.008021,198.38,0.054,3.0,1.319,1.972
432.5,27.22,67.3,0.132824720274497,2970.66367116536,1542.56347370265,20.33,6.668,3.68,4.8868235357816,76.6,89.5,0.016032,230.37,0.116,1.924,1.079,0.577
205.7,36.85,68.32,0.334761458311505,2160.36778313271,4760.0501361511,31.6,3.506,7.296,1.28825183145358,59.5,70.78,0.02168,448.06,0.147,1.376,0.989,0.5
363.9,32.38,68.2,0.152746272890221,2396.85841275184,3810.02070033954,8.955,5.774,6.144,2.03915625290642,78.1,79.36,0.111563,366.02,0.779,2.085,0.5,0.626
761.5,29.02,63.46,0.302558854182081,2920.86846797589,3279.65570809579,22.29,5.966,2.312,4.23601558292005,38.35,65.38,0.014491,399.51,0.096,2.963,1.11,1.003
335.9,33.73,68.89,0.31220290464295,2348.37461261462,4084.75916498925,25.545,5.762,5.44,2.7127278878555,52.95,99.22,0.013737,357.85,0.103,1.985,1.125,0.596
284.799999999999,33.955,42.19,0.190160889509739,2515.02636697449,1914.34337394815,34.05,5.066,8.616,2.26033934823395,83.75,58.54,0.016046,233.59,0.104,1.568,1.079,0.574
144.8,36.34,57.13,0.326197079691918,2496.58365611185,2941.66774394081,11.09,6.632,7.464,3.23574196884397,69.6,55.66,0.256049,418.9,1.637,0.861,0.5,0.5
493.4,37.54,55.24,0.377482720859427,2887.23818278104,3351.83077498539,17.915,3.932,4.24,1.5549651796356,58.0,93.82,0.02213,377.71,0.163,1.882,0.986,0.564
283.4,28.84,60.7,0.218434077799276,2526.41481950233,3949.00013566227,33.42,7.052,3.816,2.54901596884014,48.3,95.44,0.009244,171.06,0.068,1.358,1.245,0.827
751.699999999999,36.82,44.62,0.23573795532427,2038.68423302651,4160.81287352489,7.275,6.416,8.712,4.12395274575246,51.9,58.36,0.133436,415.54,0.862,3.0,0.5,0.9
371.6,38.335,63.55,0.161817887657316,2363.54561678931,3695.65024482372,37.62,7.154,7.672,0.752062199918438,50.0,50.98,0.014148,244.4,0.089,2.004,1.117,0.794
603.3,38.8,46.15,0.344790776639115,2182.92469361827,1316.55795840924,17.81,3.17,9.944,1.05458730922293,60.3,90.0399999999999,0.021672,302.65,0.157,2.856,0.989,0.857
260.299999999999,34.78,44.65,0.287696941455259,2804.4241306713,4593.75484108302,9.095,7.946,3.12,2.98641979656852,36.2,60.04,0.20559,422.7,1.337,1.289,0.5,0.5
451.4,26.83,41.98,0.11400232976694,2130.41741100314,1042.48474528877,10.145,2.678,7.472,2.72243117386981,36.25,57.46,0.08769,420.63,0.564,2.308,0.574,0.692
411.5,34.9,56.65,0.383695357692445,2097.42754101835,615.811905854009,23.76,4.67,9.528,0.655768967070281,57.0,90.1,0.015423,232.27,0.112,2.098,1.092,0.629
798.599999999999,35.095,63.01,0.189447182060222,2812.1246626812,1563.65763359087,29.78,5.312,6.656,0.688452529190195,53.05,91.6,0.007833,224.55,0.057,3.0,1.33,0.988
508.1,26.11,58.18,0.33629427567664,2187.5552008116,2580.06223039204,14.38,2.06,2.8,4.13426771351856,44.9,48.28,0.04572,396.03,0.284,2.404,0.829,0.978
473.1,39.67,66.28,0.181449142139125,2619.74825969038,1513.90753933738,19.98,6.128,5.728,0.902745414523372,59.55,67.6,0.029603,256.45,0.198,2.381,0.936,0.785
779.699999999999,30.235,58.87,0.399220978126366,2151.23956189066,4154.27723109215,26.175,4.928,7.704,4.16437489024855,39.45,86.08,0.008722,404.05,0.062,3.0,1.277,1.046
473.8,31.42,53.98,0.284944628055638,2158.23763754399,1386.62166352323,22.01,4.196,6.016,2.19539390491396,63.5,96.82,0.013656,189.75,0.101,2.278,1.127,1.157
265.2,36.445,58.6,0.217075945637646,2525.46869315979,953.776835353384,20.085,5.9,7.392,3.32260141617842,61.4,48.88,0.0533,278.55,0.332,1.356,0.78,0.5
455.6,33.43,52.81,0.186045338704293,2272.86707231858,3958.32894979521,32.685,7.472,8.088,3.91095070436341,46.6,69.7,0.011028,230.54,0.074,2.176,1.179,0.699
326.799999999999,29.935,44.5,0.106386393582379,2614.8735786241,3049.52752063698,23.095,5.18,6.128,1.97341725345964,48.85,80.2599999999999,0.020286,402.87,0.142,1.585,0.998,0.5
310.0,27.685,57.43,0.151497270491735,2442.37427079575,1662.88899399578,37.235,5.108,8.368,4.24946570897846,74.95,58.0,0.011755,243.54,0.076,1.473,1.165,0.542
538.2,25.615,68.92,0.131460389334004,2401.90255290667,4701.77258232451,16.27,4.34,8.656,2.25722649579563,42.1,96.34,0.018577,374.66,0.138,2.996,1.028,0.899
120.3,27.415,49.15,0.263626806080652,2934.17167928584,4229.61781124625,13.68,3.902,2.168,3.95466931131071,84.0,87.88,0.125963,355.91,0.907,0.682,0.5,0.5
464.0,27.34,61.75,0.191261581502365,2371.01822182565,2464.88886439469,33.455,6.224,6.32,3.36278474719812,56.65,91.24,0.008144,241.42,0.059,2.218,1.311,0.733
766.4,38.755,60.91,0.243717011395411,2222.09367476782,3214.78929929787,7.345,2.042,5.496,4.73744970330589,65.35,67.48,0.120639,448.42,0.807,3.0,0.5,0.9
699.9,32.65,45.13,0.116327318887824,2593.34566728332,3416.82248595079,21.8,6.536,8.632,3.09391529703088,76.15,79.0,0.014348,360.63,0.1,2.856,1.113,0.857
326.1,34.135,51.94,0.226245855375613,2476.07379656473,793.158397094798,30.585,6.752,2.688,1.98532882693514,67.2,96.58,0.010347,209.51,0.077,1.563,1.193,0.5
191.7,37.21,56.56,0.123395742046302,2989.81910231767,3489.80946703682,21.345,4.868,4.416,0.502171124103455,66.5,71.08,0.047066,378.66,0.319,1.032,0.82,0.5
482.9,27.4,64.33,0.138325018397243,2826.34634599436,2314.9346454521,13.085,2.78,8.24,2.66345940639439,54.6,51.58,0.055432,438.49,0.349,2.073,0.767,0.659
382.8,34.375,61.69,0.10895352449132,2497.07773463696,1771.28072652701,9.76,7.376,5.52,1.01632458780432,40.15,80.56,0.091468,428.83,0.642,1.888,0.551,0.566
431.1,30.37,43.27,0.287223738786842,2839.63226428791,1102.49007252469,8.85,6.788,5.984,0.50812349544371,65.05,46.54,0.149114,358.45,0.919,1.736,0.5,0.521
621.5,30.01,59.68,0.145243943017089,2687.27997909366,4137.53161205614,28.485,4.424,6.528,1.09392615856392,60.75,84.64,0.008423,320.13,0.06,2.543,1.295,0.9
447.9,39.4,40.66,0.351148796156128,2882.01971053775,1793.63655878454,10.39,3.098,9.336,2.65566793398608,45.85,72.58,0.091357,387.86,0.623,1.956,0.552,0.587
479.4,35.0049999999999,46.69,0.328430752110661,2136.51879062174,4029.10857740749,6.925,2.102,4.296,3.84812083379315,81.95,61.6,0.196978,415.18,1.288,2.353,0.5,0.706
301.6,29.71,66.55,0.126016870302234,2518.98727612931,1523.58620393564,11.23,6.602,5.464,4.36211319118789,58.5,43.72,0.131839,393.53,0.803,1.609,0.5,0.5
514.4,28.225,51.79,0.102893789278749,2628.03668320289,4722.2937714204,8.185,5.93,6.224,1.7136312045396,41.15,83.8,0.081893,381.07,0.581,2.09,0.609,0.627
611.0,28.285,51.34,0.358990067636274,2334.04600264202,3601.02722731958,20.4,5.738,7.68,4.57048700841286,38.9,62.5,0.019854,376.15,0.13,2.555,1.003,0.894
114.0,28.96,40.15,0.347189798348367,2781.54272444334,593.000612917726,16.13,3.818,6.544,1.06111285570674,45.2,51.76,0.155925,242.09,0.981,0.781,0.5,0.5
121.0,36.955,41.44,0.126843429105645,2390.990505142,3884.21739239339,20.505,4.898,3.496,2.99421926363674,55.55,69.58,0.081513,445.86,0.549,1.177,0.611,0.5
385.6,27.25,56.89,0.243604042852873,2249.85300945546,4112.00217665501,15.99,6.014,8.48,2.99235687880016,46.25,56.44,0.042989,401.09,0.276,1.845,0.847,0.69
285.5,39.055,46.18,0.318993731018275,2085.32518332202,2855.87078426657,27.995,4.412,7.04,3.09126571202481,65.45,90.34,0.016198,210.81,0.118,1.694,1.076,0.508
276.4,35.965,47.8,0.221237968640952,2918.76360579416,568.21839912576,39.335,3.56,5.64,1.8613695000059,59.4,75.22,0.011205,188.39,0.077,1.321,1.176,0.742
768.5,31.225,66.58,0.144376396890129,2400.10312386883,3821.24704954516,24.39,7.016,7.496,4.57538960207882,81.2,70.0,0.012461,393.3,0.084,3.0,1.151,0.96
183.3,27.955,48.73,0.15712521613831,2710.76022785988,1719.96145120522,9.9,4.352,6.208,1.6852631871795,44.7,98.68,0.11723,332.33,0.875,0.972,0.5,0.5
163.0,29.245,45.82,0.391522498242842,2015.18340450985,528.2639885645,11.615,7.148,6.728,2.66826694775805,65.75,40.84,0.226397,278.49,1.363,1.018,0.5,0.5
110.5,30.025,48.76,0.101758370023566,2777.72225256839,3163.07245496529,23.515,2.108,7.016,1.66307267046546,67.15,46.6,0.087332,465.06,0.538,0.796,0.576,0.5
204.3,28.735,61.0,0.310340416133527,2287.5426446347,4460.82719070417,5.84,4.118,4.696,3.32891981747912,37.9,72.94,0.445179,435.3,3.038,1.104,0.5,0.5
249.1,34.27,60.25,0.227596209785512,2046.31171107608,2221.70857986668,19.91,4.922,2.552,2.96908577127984,45.65,79.5399999999999,0.035514,379.33,0.248,1.501,0.897,0.5
216.9,38.2,56.26,0.177472900574238,2537.24734810174,1495.81692246136,38.74,7.214,2.136,0.733871844621869,37.2,56.26,0.017899,261.22,0.115,1.218,1.042,0.5
642.5,38.41,65.62,0.199000306689878,2876.71597222884,3939.44322524551,9.655,6.506,5.552,1.40355772789237,57.75,91.3,0.057465,391.75,0.418,2.811,0.755,0.843
662.099999999999,37.93,43.39,0.270167829758088,2488.95041148407,2501.7185984308,10.95,3.122,4.752,0.982298628235883,60.15,80.1999999999999,0.052213,386.61,0.366,2.865,0.787,0.859
363.2,39.235,56.68,0.186753027060227,2921.48743119824,1478.00340986072,32.65,6.878,5.752,0.812371696866645,71.4,69.4,0.014497,268.88,0.098,1.587,1.11,0.512
225.3,26.785,58.45,0.202438291615676,2570.51398948916,2297.17338322997,36.08,5.576,3.384,2.75742848025401,46.2,44.62,0.017919,276.77,0.11,1.082,1.042,0.5
467.5,28.555,43.48,0.272821435414182,2654.43165954622,4363.52446811156,19.665,5.306,4.528,3.71937468866312,73.75,43.24,0.031196,517.07,0.19,1.916,0.925,0.575
627.1,28.465,48.46,0.276728172989449,2088.8872127425702,4337.73040883001,34.575,2.654,5.328,3.6130867829744,42.95,83.68,0.006081,181.4,0.043,2.916,1.435,1.845
207.1,27.46,41.59,0.309146770373062,2465.37487057952,2045.55582178676,17.845,3.68,8.44,2.74521052338386,57.8,42.7,0.076571,418.58,0.465,1.123,0.641,0.5
211.3,35.11,43.66,0.122638276231875,2536.84964739067,1405.13379214875,22.255,2.576,5.8,3.18854273026158,50.3,95.98,0.026138,179.06,0.193,1.355,0.959,0.691
531.2,36.1,43.03,0.234517552903879,2199.77987554585,4288.09467080621,28.275,6.944,4.032,0.551846003385725,66.1,66.0399999999999,0.014116,375.33,0.094,2.654,1.118,0.891
488.5,32.965,40.84,0.121756005863886,2709.68150272222,3685.00274051034,29.465,6.44,7.952,3.13243598149338,46.35,62.32,0.013174,391.42,0.086,2.207,1.137,0.774
311.4,28.0,46.45,0.370315156068001,2975.2622640443,4641.59863200834,21.24,3.776,3.304,0.575459904931213,67.3,72.1,0.024521,425.89,0.167,1.209,0.97,0.5
108.4,28.78,47.5,0.173314924084399,2373.68300677341,3178.72325404513,17.04,2.636,7.184,4.79167669642624,83.6,60.58,0.131484,391.14,0.857,0.806,0.5,0.5
695.699999999999,31.855,46.42,0.214364566193579,2484.58431431192,2953.05876949041,5.385,2.216,6.696,1.52369534076064,59.15,82.78,0.152657,428.23,1.079,2.846,0.5,0.854
366.7,29.755,68.47,0.362378915625521,2726.13977237662,3254.0766715501,15.675,7.196,3.984,3.30449315179844,53.6,79.06,0.03528,355.91,0.246,1.817,0.898,0.545
294.6,27.43,60.85,0.106092229759764,2080.86310342587,3341.79571654449,39.44,5.204,5.352,4.92217559440903,62.7,76.96,0.008686,224.08,0.06,1.672,1.279,0.637
760.099999999999,34.03,45.55,0.23039485314805,2660.35609672589,1964.5514515175,17.88,6.146,9.68,3.87630799817719,70.95,55.3,0.02588,365.35,0.165,2.937,0.961,1.113
691.5,37.555,58.36,0.117831896720217,2990.79941587896,3786.65482412764,38.285,7.268,8.472,0.52372049124392,61.35,75.58,0.006256,265.49,0.043,2.617,1.425,1.009
591.4,37.165,69.19,0.259695581311384,2775.14991742734,2886.59184138552,29.885,6.41,6.616,1.4878501273596,35.55,40.54,0.016647,305.11,0.1,2.939,1.067,1.287
750.3,30.355,60.52,0.191903833296128,2338.47417382908,573.125402487415,26.735,7.958,3.504,4.28303135009677,66.85,49.54,0.013917,252.04,0.087,3.0,1.122,1.206
103.5,27.055,55.84,0.314738997020497,2215.23724908749,4770.62537067543,12.245,7.856,5.928,2.86072263935458,76.2,72.22,0.20772,333.68,1.414,0.665,0.5,0.5
713.9,32.08,42.88,0.363555353593656,2591.6408747448,3650.39337968636,22.15,7.754,9.064,3.63671321329875,72.75,87.64,0.012193,360.87,0.088,2.776,1.156,0.833
177.7,34.615,65.68,0.144416199787654,2317.17329432007,4671.6980505188,14.275,7.112,8.336,2.11092987215381,60.9,50.38,0.13438,434.28,0.841,1.135,0.5,0.5
670.5,35.2,64.75,0.206638531109918,2011.96990985216,4678.39743434854,5.0,7.178,5.592,1.07974329247663,82.65,71.86,0.237459,367.31,1.614,3.0,0.5,0.9
764.3,25.09,66.94,0.366360907060377,2814.86989636206,827.62493407774,19.945,6.194,9.488,0.823604305303065,37.7,64.18,0.016591,299.18,0.11,3.0,1.068,1.03
77.2737450810651,27.7510676478015,39.563633644393,0.257426929489671,2431.94501864211,2581.10660200105,26.3701733203482,4.16491656079216,6.05926447361189,1.55797544260816,58.1465091840848,68.3180921646845,0.135820222407753,235.445743953287,0.911075573845789,0.747740640806994,0.5,0.5
141.131727785215,27.5578618553093,35.9757738947791,0.384665661176,2965.63203307456,1981.0364221551,21.3935123815999,6.23358939246584,4.52306884586685,1.39068845602553,75.790486193047,72.00762468698,0.0876847965488312,410.487936868089,0.596273330760217,0.867544900490338,0.573891220707012,0.5
50.8283175685403,37.2319214268225,45.6028601577142,0.318702150412296,2771.27034668594,2430.61192324164,25.9614704460251,3.29617860693636,4.79232864272136,1.46347623810051,83.8396541644017,81.1649063413779,0.190810814499855,222.004545537105,1.34123261969434,0.662787523448559,0.5,0.5
96.6473482573493,29.8777498304012,45.9440926750709,0.291267241406563,2887.21274257632,1327.24506213162,21.9067505085807,4.88885970064779,3.5979712296915,3.85297914889198,79.2353271877603,78.0638598784748,0.0970808002890679,223.875173184587,0.674866551211739,0.67848068864005,0.517515198265592,0.5
111.557438455344,36.3332670781457,38.4319724823743,0.123093972948637,2289.75145291376,2768.91618481523,27.4787668744662,3.64488514901601,7.64848826171286,4.23248151825766,73.503169042969,93.5730295093858,0.0622432137367368,235.919002681083,0.456823220577351,1.23776100473156,0.726540717579578,0.5
183.883849773496,33.0901336287347,47.1116023274609,0.368827389977048,2318.00347497186,2509.18019224778,25.597101766581,3.4402076981107,4.1396758127097,2.70843115450502,81.8106644665122,93.0365291628171,0.0401120302537904,194.49068809416,0.293857253081116,1.057759242726,0.865919798308064,0.547293810461707
124.587275883857,29.5131746472515,39.272607415662,0.111066084206359,2609.56433397989,2906.11823735527,27.5534688747609,5.01071609291544,3.25739375624994,2.11458585694644,85.8719648684994,61.9780945333486,0.090745747393915,246.673620000764,0.594334949731561,1.02919829563565,0.555525515636509,0.5
150.820332110881,36.4242942299307,38.5645631598859,0.318464904583557,2367.78313271925,2964.1261352765,27.261658145345,5.52922332237431,6.16764855380447,3.14309873629903,49.0630396524483,91.7651247794619,0.0530182491185686,230.304013889057,0.386721901741694,1.18582649417708,0.781890505288588,0.5
153.640660715369,30.801030194508,49.050949831051,0.141256283243798,2341.06635105025,2112.93197602362,25.2309928701497,3.45389408496235,7.62346809139281,4.50935741352392,56.607373247182,82.9992023017089,0.0505892959639844,252.470537393936,0.357918260070316,1.00733665703647,0.796464224216093,0.5
74.244307114192,38.4783128279061,44.0964358948938,0.102759115484988,2101.47154286603,2105.07911538571,22.5241989498514,5.65400707643222,3.02530791923109,1.64323220566999,69.6930205214963,84.5947598846346,0.131272578103229,449.99769053865,0.933987196118135,1.03626390311008,0.5,0.5
146.820844386075,27.6566601911057,49.1068787652937,0.386178573100776,2914.86439022044,1201.93090610213,20.7294789929436,4.48063480102177,3.07728308264433,4.7132742503509,64.2682866742791,98.3327409521834,0.0437495112419128,213.49832132442,0.326297790102955,0.710884756650097,0.710884756650097,0.5
142.251084004875,39.8508077515639,37.1012602285478,0.255498895709121,2877.37307192795,1925.15292522341,22.915294813123,5.96307447101681,6.48507870497634,3.80993633594843,61.1771018048889,64.6795922132246,0.0954529722782957,241.93030497257,0.631611344453989,1.25806511174839,0.527282166330225,0.5
119.839702719869,33.1396695206136,39.2981187819242,0.277249978170703,2030.50024993904,1945.70035249043,21.0782682139022,3.14939275499685,7.11300280329829,2.44076256564505,50.7177230693348,76.1121630027402,0.097234866913637,353.981247861356,0.671193235570197,1.08800332391939,0.516590798518177,0.5
143.43357137285,26.2802119749065,35.7752258175291,0.259406389470444,2540.6351216101,2424.98388274652,26.4746308249052,5.54971960599282,6.6304566686133,4.90340831785013,68.2335156735538,66.1478236470623,0.0661025005957588,215.337983720944,0.439825916779746,1.01308762614614,0.703384996425446,0.5
53.8026115123186,39.4397262201688,47.539701807683,0.308792261828109,2408.95294441427,1597.42855176409,22.3536914402679,3.69317728028338,3.78218521335543,2.00097159265838,69.7151999117754,85.7297961350031,0.160512053873856,230.686765654893,1.14657691076468,0.710744898652007,0.5,0.5
123.742381267524,32.1020765617084,37.5980280486502,0.230155494771391,2398.50473439737,1685.43457271831,22.93502481953,5.46340039220886,6.17546825433821,1.18121603908817,61.8575676581912,81.2929957857118,0.0705552411026276,241.421640333445,0.496167378453533,1.0804856347173,0.676668553384234,0.5
60.5853121100644,34.6362891730947,35.3976696581243,0.275732674382039,2940.23024142495,2146.73407904736,24.8880328124428,5.30189671150351,4.9408496310326,3.57315287376941,65.6213800721182,77.2808394657967,0.184797435998916,235.58941354335,1.28101970462266,0.889427913309947,0.5,0.5
185.807296462889,26.369300151792,39.7897045638562,0.385018590115241,2950.60714693755,1473.0041968354,20.3251295444089,5.29375155249314,6.15918606084899,2.79378208791327,58.1944847264129,66.4332272684958,0.0635432163468676,258.092389297941,0.423250605057904,0.90995467632379,0.718740701918794,0.5
62.6160209172496,35.5145369718868,36.0914450954629,0.346558017787106,2706.24222715649,2045.54515829065,23.0336802836837,3.32539512256759,3.42418857042596,4.9465583140047,61.8421858090254,68.5321073533445,0.197650311868125,234.198991795006,1.32688636912483,0.846170058127948,0.5,0.5
166.572037389115,33.376063746037,41.3633301387046,0.37190631552842,2111.19748230615,1440.64896382728,22.50502150096,4.97050041716343,3.05676822383709,2.8746425679765,47.5336474056826,55.9408958134036,0.0686583909186944,234.741577277875,0.439312251920937,1.1456071112675,0.688049654487833,0.5
196.159221149924,39.793161167194,45.4724257102961,0.260828909903236,2309.52761628632,1959.14027962718,22.3320391089495,6.25518007882779,6.42365586276939,1.65046775737956,85.9917233022229,91.1268621461584,0.0485414310871724,219.328358042058,0.353292862912312,1.32723046212572,0.809723792752183,0.5
139.11960730282,30.7133628494653,49.548715967219,0.352635676940712,2838.32870471113,2968.19032328736,24.5125067331058,4.87477263917988,5.07409751168832,2.09362828772282,47.5368973492917,93.2361188127526,0.0644785351129021,341.975840435119,0.47268588458098,0.749568508427342,0.713128789322587,0.5
117.581620296514,26.9373912272724,49.3107654088808,0.281852390335264,2228.64280550346,2624.11847669352,27.4204430522959,5.68680273762342,6.09064120228947,2.43265087213136,50.1100916489833,83.5786597796399,0.0610652944261668,210.590040121312,0.432920358810538,0.767065430381865,0.733608233442998,0.5
78.8433528213006,25.6130292439971,37.5340259460824,0.183577101709587,2177.01048427674,2168.89434630256,25.1695961360488,3.35481013502822,3.603179355503,2.8431150721309,54.2850173282606,68.2134930524037,0.123142165785178,242.852251417687,0.825709760682021,0.82784576526055,0.5,0.5
181.036793616016,38.8130860079772,35.9161693978229,0.183063294444161,2806.20127979306,2069.75097372726,22.4527709584661,5.99303876153463,3.92260509678188,1.83739729334684,61.6712446256121,74.226149259551,0.0711011032185951,394.787150466251,0.48744454359353,1.48404085824827,0.673393380688429,0.5
98.5518854606365,31.3815465792462,42.6141556802668,0.172722919724524,2114.8368247392,2423.73233297984,25.6113124567257,5.44248016976653,4.44315276620127,3.32495288569044,51.9463221873391,74.0570050927408,0.0926827956251211,228.345935579871,0.635009234816082,0.945716658392275,0.543903226249273,0.5
100.490641729088,27.0162201540846,35.9506245570915,0.396988069716983,2322.35384497472,1831.47358137896,21.5547061046728,6.23949778341853,4.27320327381881,3.72601088889571,79.2102536950359,79.7819370303922,0.095702440753901,280.565508298861,0.669395356316569,0.810666330205284,0.525785355476593,0.5
59.9744401050166,36.1168097393508,43.6170966976986,0.352548633027481,2139.77237662628,2845.85114205259,25.4369919849698,6.18106924743956,4.00813660023872,1.65462377146281,52.3919609068946,90.7287360115691,0.140852314084614,370.194809640819,1.02374538095311,0.734165896464088,0.5,0.5
84.3877092848962,35.833788525896,45.8005480481911,0.292344289865589,2693.9484444671,2493.23841444888,24.4975228204632,5.17089777339038,4.25899529453476,2.38278397401567,53.1718972560641,95.4225280666814,0.0948181177535195,267.085699340273,0.700285201331725,0.763128739758181,0.531091293478882,0.5
136.443254025022,34.1007256957428,41.3619600695357,0.320933270687416,2934.36701476901,2268.09658578349,24.5761712874278,6.7022740516271,5.25419685702066,1.45295218336302,89.317853953305,91.9449043222967,0.0603704370634184,219.677535345952,0.440621036809373,0.920408898878307,0.737777377619489,0.5
166.329142504251,31.7993325212204,42.8658540399137,0.232228824081468,2400.76306087532,1912.10283315654,21.9712591828505,5.23856132523287,3.77620122965356,1.72771252198108,83.7803529456082,97.3057731066816,0.0466927665998964,172.861537382288,0.347050726811801,1.10304460881779,0.822048222667356,0.558951935532914
147.911916177781,28.5727417157008,36.4916208913901,0.172951657299836,2722.26693185565,2499.79021343297,25.35633986163,6.42278587242514,7.15109932283495,2.58873411847382,75.063831145679,60.249214770791,0.0797553446699083,236.937193439705,0.518906645602936,1.09156791605456,0.621467931980549,0.5
180.270196384686,32.3114679737427,48.4182834034113,0.339956576784194,2425.21350446923,2409.0144853994,24.2033952729935,3.08987723328046,4.34338679692473,3.16653685864346,73.5065198921766,62.8943842716601,0.0724678624867875,446.021408578578,0.476284852198683,1.00633826817749,0.665192825079274,0.5
74.9425053134119,36.0705042463955,36.2419800188768,0.280945632839916,2245.34910968132,1797.29426320709,21.4089790032516,4.5571824561679,4.44346868385349,2.42269086585979,77.357065733291,64.8560857811587,0.17304558872104,255.279227704957,1.14580443225877,1.01186330609753,0.5,0.5
54.6774702591927,28.9339606644973,43.9261689605038,0.115427744045275,2496.36624720123,2331.43024302562,26.4482113577227,5.38737139566755,4.6712194540848,4.08364881498328,49.7969213910197,53.7568890867904,0.275809556245803,276.506516196173,1.74971437433358,0.693865534880112,0.5,0.5
192.53560307312,31.6900865943693,37.7769939325792,0.262570284213507,2872.9458358764,2793.2839386556,24.1045589275688,5.92889954563824,7.03280573930724,3.63513346684286,76.1524454033033,92.4597825782659,0.0468648694100627,374.726944494252,0.342652237955644,1.1752935125642,0.820900870599581,0.5
112.637116367739,38.1867746134324,49.1709803343711,0.24022045337496,2613.4113892107,2465.86253603888,22.6823300693677,3.6681357843683,7.95584313068488,1.92668680553377,87.4229298360806,82.4823324496184,0.104331128274275,389.929683825911,0.736792511550443,0.886401111032845,0.5,0.5
109.436302835398,36.3735771355613,45.4403092708068,0.146168771901956,2815.83312499061,2987.26955661608,25.2168574765846,3.89776228734664,4.11908807411311,3.14789769157365,71.6822970678766,79.0043103918905,0.102135086196961,378.993439519098,0.712403232279989,0.949482389018562,0.5,0.5
177.681037107315,32.4271979052096,42.2087986598997,0.277722335397855,2824.68096592514,2208.14690914899,22.283925784709,4.39123683160877,6.39008076279531,3.26292785598316,57.0162721576239,93.9314993177579,0.0495049001599396,372.286087607012,0.363776238189674,1.0427784861052,0.803300665600402,0.5
100.267828138871,36.1526238443741,37.4113984407246,0.345390107235718,2832.13417795774,2564.5418764119,23.8660960242033,5.02987093504334,3.03192935858416,2.14815253269965,72.7617113269084,99.0593089013711,0.0809762051834226,333.58080704963,0.60541719899025,0.936908266924354,0.614142768899463,0.5
164.154185375304,33.1189986801416,49.4448800578849,0.202561649811605,2632.62189313394,2449.61348787785,23.2094191648087,6.72811242204007,3.51254863995339,4.7489139489458,75.9548575035366,53.3918529552585,0.100928831385985,418.446051405794,0.639363590037592,0.981296136258329,0.5,0.5
163.739479389353,25.368803746882,35.3318532729349,0.197083065744862,2488.64319040466,2374.12957935731,23.9025872039189,6.08162967123117,6.41647688303252,2.78361082550699,57.3131999826749,99.8562250078855,0.0388500903051044,363.246546805847,0.291236035502601,1.12939329224997,0.874332731299303,0.5
114.85022015639,39.1542388025139,41.2959097538918,0.291557784299225,2397.59439796279,2877.15890562602,24.531736753427,4.09686080939468,7.91988823979914,2.63733602526017,85.234464165561,61.4977302945543,0.131887118671705,390.922293338858,0.862204554693486,1.06705114005184,0.5,0.5
180.293475193341,36.6489527918761,46.5638276696607,0.353434968435066,2761.02399094299,2920.4835697868,25.5657654710936,5.50488128652566,3.65622438841193,1.130104717965,86.4381531517059,80.8325157260369,0.0595445552280336,414.162738253846,0.418051181061915,1.01100108051693,0.742732668631798,0.5
86.3067523793791,39.7999388990072,37.1374331435227,0.249666446035406,2618.15573431812,1701.26736814457,23.1479053525452,5.80985988217641,5.79824341743457,1.03908338967673,59.6907588709796,75.8855821692355,0.116701036527082,210.428091397213,0.804903335050687,1.11639341322366,0.5,0.5
75.1223873388604,26.568517605016,44.5464537431545,0.31194271794607,2031.58614482564,2501.4667477727,26.0045073273443,6.74484898497475,3.25985641825736,3.16518534120428,76.9077233752912,93.5484561873042,0.0888028193341537,200.106593616014,0.651698263015523,0.663722562024093,0.567183083995077,0.5
196.379788372869,30.0534368765666,37.7317687353304,0.336909552142743,2658.70777550087,2679.4589164805,26.5764196207413,4.99278286581255,5.77681775468815,3.87680711308905,55.2804633599084,99.8166958028371,0.0325179747716311,194.443918417162,0.243735793755761,1.14402554872468,0.916546834855792,0.572537036074197
143.444987534522,34.4734033013878,45.9966953362292,0.139470305538177,2715.82496468208,2780.90836404172,26.31986567017,6.63613008266256,3.89841554435121,1.95017329969551,88.7127792318737,59.0488476354744,0.0902612236260977,427.930664792103,0.584551649162712,1.01957941977295,0.558432658243413,0.5
148.510499681193,29.8778509633704,46.602096885299,0.139262098215504,2969.82104507854,2923.53080583821,27.7440029810338,4.81515816553455,4.18025231673232,1.29398698932005,52.6391057289393,75.9886974278008,0.0622128628933466,234.032095794712,0.429251174829727,0.893051930511841,0.726722822639919,0.5
153.893892833924,37.5717293447216,49.1692132921103,0.304974408486893,2497.17476400842,2670.35563594376,25.3144936834215,5.47138896080485,7.34452492239359,3.28243898655531,46.3674176863576,96.5474347753488,0.0515480049984379,391.492761962216,0.382160716251841,0.991138396393935,0.790711970009372,0.5
131.673364694127,25.0863799074718,39.868787448504,0.209938460461419,2396.17269160925,2544.58554043755,23.6062716611182,5.78186882675944,4.94279050635172,2.79477449049012,55.6894858893447,68.662589581467,0.0888915859258469,306.229129959613,0.597046091671038,0.91722888169213,0.566650484444918,0.5
135.096832944335,28.8484417555204,49.4439031285637,0.245063694015977,2805.99254977515,2272.61565430608,23.2063076928423,5.20090616862504,3.21706266427409,3.53260550237608,87.8131503992995,80.0805910073165,0.0751675707006638,457.248545150098,0.526324440660654,0.76984030066115,0.648994575796017,0.5
143.578898701485,31.7765151810584,43.7991269476321,0.150404262323459,2736.87374494418,2168.87474822867,22.86605941504,6.45118831017291,4.08369900045387,1.38285822208064,46.0637363720851,82.0985750221633,0.069620961723819,375.11812177153,0.490999352349048,0.99485983850459,0.682274229657085,0.5
154.271683107139,31.0647815215643,41.4229942238842,0.315279329697452,2692.43615132437,2969.46380053721,24.0931925767019,6.96502397480875,3.64197144727062,1.41643859753666,77.5952467707933,78.9193458503204,0.0763402866409029,344.379444704143,0.532319570297665,0.958035625595879,0.641958280154582,0.5
134.344522381686,39.3643792675807,37.6295441353648,0.307001467246199,2200.93368865905,1663.01403070929,21.8042702780235,5.14331073789232,3.48338224823359,2.80148374503274,79.027349800286,67.3785762119491,0.0933520472299994,240.288820149761,0.624008436870697,1.2736077131052,0.539887716620003,0.5
109.897387371396,27.2862401999562,49.8872525323756,0.378100290377288,2539.95713028056,2817.94454869863,27.0392624556636,6.36813317750568,5.60478988636021,3.49434275201103,49.0105994452207,87.7635210248404,0.0686774408990266,195.41283738156,0.494071555201982,0.643217606985566,0.643217606985566,0.5
53.871786042423,27.0274943373223,49.4467266738376,0.264858860768505,2965.82216115322,1418.83605572882,22.0451692815648,4.72999151332052,4.55908066542629,3.02456745136097,64.7780259884809,55.2832342130872,0.396878004074096,258.36827150626,2.53290751170175,0.5,0.5,0.5
71.3374053030794,26.8207740913364,39.5491272135139,0.130313743303194,2692.16134169413,2959.19731315853,27.1754031264777,3.24916719252025,5.54711064074894,4.9867874154119,81.6286621277708,80.7609719115505,0.155086666345596,345.287061898159,1.08855707934279,0.761707185691359,0.5,0.5
130.296519717888,28.2280280802585,35.1818116196584,0.172360437279862,2975.87375491005,2400.72455780533,24.1132911718699,6.20614844753195,7.79788322160516,2.95141617570545,49.9381289404876,77.3979744486846,0.0808781909415239,393.845497768172,0.560886158606317,1.02515866014411,0.614730854350856,0.5
60.6885091647887,25.1816271285233,49.3475209744922,0.321252507837702,2353.25140850206,2290.8084701567,22.1625300799602,4.18614232515062,4.74851614872924,4.09861412472472,74.7616774981686,59.2597783933734,0.274932205677032,324.735870689876,1.78197156792571,0.5,0.5,0.5
62.3257501214641,39.5179005226754,39.4316716621613,0.33076694435144,2624.66356885426,1162.61607081251,20.6283488309273,4.52775855861158,4.02843631097777,1.48554567263762,72.675583561749,88.7316890318894,0.126146051822932,177.899643265098,0.910559065188489,0.876877525951767,0.5,0.5
105.825053575627,31.4811532441629,41.5910748454167,0.283881874748357,2943.0758377447,2820.20910081512,26.7384683553155,3.96277084733002,3.60750688150459,1.78988195943974,84.9116205094171,82.2905406327603,0.0888514286248143,225.328676862714,0.627047945562298,0.801687959038024,0.566891428251114,0.5
163.256289311941,31.9080924591121,47.6299782933509,0.318547203148484,2776.44744649972,2797.31633409888,27.5672306052008,5.62464735072428,3.88714384734853,3.18010767558775,89.3101382786028,96.8694033248559,0.0386756396986269,183.267630163821,0.287040352013462,0.888638920754801,0.875495735342487,0.5
125.877903942774,37.610545420168,45.9920231714937,0.262671161647554,2590.34769045877,2544.46332464236,26.4053409893201,5.03344218766512,4.4877422565941,3.26008797143606,75.999838592254,93.6661457930404,0.0596140873647166,199.595305094351,0.437665981784148,0.961747758136266,0.7423154758117,0.5
133.262742395342,35.9960694404451,44.2397817539026,0.156407420384624,2355.38456868573,2500.17742174789,26.1210690388669,6.13516713794158,5.77113257066008,1.02091845417165,79.2445842012642,51.7655677470119,0.102420258273477,220.499970184624,0.644647361825443,1.11008277729219,0.5,0.5
193.711022017907,30.5191112695312,39.9039742450711,0.144666415099733,2305.60421549021,2364.33445682808,26.0744168049571,6.5066030473128,7.98167168813623,2.47323812202739,65.1874783929544,86.1035469101368,0.03771666925593,226.21676757676,0.269771821293952,1.32809729044039,0.881888871627133,0.5
138.230340042258,32.2145933482918,44.6348828885784,0.11945607834489,2579.98378742813,2485.49332819271,22.7897191946939,5.24593835183809,5.80330047208085,3.41395066638581,75.4410571751863,90.2494499840384,0.0703543303045328,345.275767235333,0.51050764187215,1.01710569134556,0.677874018172803,0.5
58.7826393865968,30.0135747804409,46.773454656672,0.312304280422274,2788.6149646724,1745.63920565863,22.3117483740299,5.06907622576643,5.20099498977745,1.58981010682513,59.768673912419,71.7009683086937,0.240047693252563,248.574900186575,1.63052976742474,0.55280562658998,0.5,0.5
53.6287645837032,37.4754556551366,39.0960621495921,0.255423629871644,2298.72557358877,1336.27822185483,20.7859012559619,6.76271698046136,4.29648379432886,2.71862725095574,84.272861271807,92.0966783395904,0.14659471375911,217.580414388711,1.07049572377948,0.904965609821034,0.5,0.5
141.533772421646,27.0303112341652,46.2706262904356,0.297086546880141,2956.61462108345,2413.78224747777,24.7672450300806,3.27583206542568,3.28527360575627,2.1287482987728,56.7767557681157,62.3489399536,0.0866926625646014,214.316947042892,0.568593203139458,0.750102424544497,0.579844024612391,0.5
90.7924589192946,36.3909739362694,41.7460976367581,0.333013167086554,2065.36615756438,2765.63645130259,27.4863859954851,4.95028477469353,3.16806800091641,1.25061281382141,85.7896854004984,56.9622685558797,0.129440179681536,288.602526270865,0.831531055331205,0.926693661985138,0.5,0.5
179.020954002415,35.8422145481272,36.0150254285,0.31235052916893,2543.53821734264,1808.47727843591,23.4430661560765,3.32690138298711,5.29150320764328,2.93878514852018,52.4598543073474,97.2849073500141,0.0386610195222395,236.088035884081,0.287333440168151,1.31184132553519,0.875593203185069,0.5
116.048512755252,34.229470376047,36.2519612748407,0.364724910522201,2803.60353544153,2135.7313808124,24.5631284966681,5.02082709430655,7.83563307629585,2.67104391710039,89.2849643566424,83.3959999401813,0.0756969389259375,218.471434107866,0.536305242483172,0.95809335748561,0.645818366444374,0.5
182.289163745696,31.4123453188092,37.4335010867371,0.103782255992727,2559.75568363838,2086.67818313485,24.9786468588735,5.1095984884907,6.59676811184579,4.5610322120712,48.5732963089363,86.5748245170181,0.0414830397183337,206.804510618724,0.297199870692849,1.34166748884007,0.856779735211108,0.5
151.426634311315,29.8765602314754,45.2949079502914,0.120892344448721,2174.88143717595,2085.35534573934,23.787942246935,6.42294903562314,4.13589778511757,4.34816450097176,57.5674239804484,82.1440955029353,0.0571857574962984,225.915415481296,0.403365595611083,1.09133769819592,0.756885455022209,0.5
113.382264246791,25.630370127571,46.0985618115039,0.375422965659745,2280.03732955048,2942.00082127664,23.3216177997894,6.43336670719648,4.46109115230948,4.64308064657566,78.9282856618552,90.2453388420719,0.080457624524698,421.824025133069,0.583811262314979,0.711117291730328,0.617254252851811,0.5
155.552896619119,33.1104771496736,36.4480170529316,0.172568148477651,2012.40403627731,2681.88459891532,23.3774117123581,4.87507186185802,4.5063263038,3.39342993719103,58.3757013468877,64.9959555753492,0.0903546838761113,391.28449239193,0.598590644861468,1.41763082495945,0.557871896743332,0.5
185.434249278798,37.7839581158677,45.017070248396,0.277966471032215,2892.30249813965,2357.982996829,21.4442850793506,3.74132071811485,3.39484581095414,1.95804067963815,80.7560225415085,51.7335133363241,0.111262304991308,435.205589290218,0.700211273433994,1.1040325665514,0.5,0.5
64.0785927235034,38.6444022915488,45.0380039440711,0.348786039795026,2878.97890028226,1997.44627044302,23.447989911787,5.28708940819328,5.5872317587752,2.72170964128396,59.2625964506003,71.7297980429355,0.174527951854192,254.975967335459,1.18561112775467,0.709064653411633,0.5,0.5
88.158737126277,30.427796398077,42.0874003250977,0.113694623650715,2140.02409755331,2085.26007844082,22.1279664840132,4.10725723116522,7.85766345450525,2.3253880284122,66.6918476150437,59.8048856369196,0.152310493215858,343.319275591281,0.989275256781226,0.928140183868912,0.5,0.5
91.2097288279279,30.9186411339646,41.3274226780824,0.223306322579663,2907.61100255655,2982.04209749767,23.9446735969394,5.85613057786742,6.03952607045351,2.23749087145112,82.0705672899582,97.7530255742494,0.102150387088144,327.21141953628,0.760389670476895,0.797676599587956,0.5,0.5
88.6410830500582,25.8928705052165,44.0569317942408,0.305976974047782,2114.4876380659,2091.00342545851,21.534061443263,4.53535553217991,5.28118254477771,2.47621208704366,50.4461250218336,70.9473895093737,0.130632160286192,352.883649357897,0.884861070387849,0.704468996344953,0.5,0.5
62.0270021122855,30.3215693775397,49.1258856742838,0.300571794016874,2678.66995667256,2377.94511952104,22.1302299359976,4.44767996335146,5.96830395604269,1.04052473611097,73.6243220884294,95.6643473788118,0.174571424722671,282.953217387068,1.29036365904045,0.552781782633243,0.5,0.5
185.367996092876,25.9966576653366,43.0095120882164,0.142641137138037,2011.7066107309,2309.93263866523,23.6167524921107,4.68813704051055,4.47520353827078,2.94400197519041,70.9739949030547,52.1869536154473,0.0713412506156958,459.411574211872,0.449783316497212,1.23284550241843,0.671952496305825,0.5
122.838454948909,25.4130507980419,42.5818267686567,0.38920522213531,2384.2067129858,2220.68558945059,24.2165890273508,3.15598405029964,3.15477895459671,2.55194703978747,52.2011221408437,51.1676048164092,0.105423695944406,270.913071434158,0.661975430031247,0.755015242957502,0.5,0.5
194.170322811138,30.8422284235363,40.7826785710538,0.202116131276351,2541.40760734758,2960.03290802616,28.6521631345623,3.61658017271394,5.76855742679005,3.16681924964001,79.2855815672191,91.6824980968792,0.0336847332840782,198.936277278005,0.245631178800676,1.20840578280087,0.908768444772811,0.629330184895905
116.60656238033,34.3935148213159,42.3334674768867,0.220533640196297,2993.84838889969,1951.16900248424,24.1759010403708,6.5212590485957,6.1170297907972,3.27750944472913,72.9297215921062,60.0656053911216,0.101911792891749,208.794810873806,0.662593802872183,0.918008917465075,0.5,0.5
121.331905623024,33.1453687593649,38.4162460415481,0.389208654149654,2909.45461093724,1487.84435816079,21.1837859867269,5.88857294182362,5.66693314382681,4.47987663859074,50.8793554720558,89.5254897137442,0.0728577669590108,247.279338494654,0.527354516456436,0.86676042729387,0.662853398245935,0.5
119.401340759809,39.7148106724402,42.2511115395972,0.359064256754363,2588.73152213132,2860.10523456349,24.4638790821534,4.5013196316784,4.42891777762935,1.81289236434434,79.2809186119963,69.3270253411514,0.114931672289364,421.129773107973,0.773855135379463,0.979715828414234,0.5,0.5
94.9093382557521,30.3807328812552,47.0665581151925,0.183627961724365,2210.7049638672,2231.33107884277,24.0330538822436,6.82979207615238,3.04431642556734,4.99128342272791,75.4569584485828,91.4234649724558,0.0815384785136659,234.534469333026,0.594055648425866,0.810901870599337,0.610769128918004,0.5
160.680427784229,37.5121689550101,46.1071419793027,0.142855086190251,2753.42792225696,1236.54849086548,20.4294583300118,6.07569112843056,6.29270257835027,4.06446373118234,83.0664647854979,80.6802057118729,0.0597168306600424,224.101687153566,0.419033307853044,1.129142671602,0.741699016039745,0.5
102.323080095421,26.6649714818697,47.1235281501383,0.384306407789341,2072.31647525793,1517.76622281406,21.9802953242072,6.8204608291668,5.61288299668372,2.19826271181549,48.4587933874273,75.0312134035209,0.0836012274405382,215.081678763411,0.574823675624874,0.707673152560522,0.59839263535677,0.5
162.29678511893,29.7638019289167,35.0020203950672,0.253338741771169,2046.8519085276,2073.89424222934,21.6299610446871,4.10467823128359,6.53488243727858,1.25075848648746,82.7702321560201,50.1909961329291,0.0979453384047922,465.865059233516,0.612626044551795,1.32652433310372,0.512327969571246,0.5
165.135144277687,31.2475664785581,47.3326983022463,0.355104400335968,2211.99405469865,1424.53313996794,21.5706506056241,5.62941392868051,5.3614090208149,4.52062695168594,54.7083305629404,83.8906600155022,0.050181136977937,265.890258251093,0.356148902424871,0.996940801311476,0.798913178132377,0.5
183.532250395426,29.3111439469836,40.5167898163422,0.117427585624104,2111.51221232127,2283.01720820654,25.9764582468216,5.06344761084931,4.33796338363985,4.34192090296877,45.6612024894729,68.9547024335968,0.0504471049721778,263.26362090627,0.339199652660712,1.327309637373,0.797317370166933,0.5
68.6552598500765,31.2046401237795,42.3929687667117,0.22128692417646,2530.93767841209,1343.36386692273,20.579828927528,5.38052669962272,3.04961910563917,2.85638063781401,88.3574658399414,75.9516140064774,0.149705068982186,244.652299268972,1.03278388526463,0.748084642022106,0.5,0.5
171.66856549002,34.5393206074559,40.8224855919049,0.302239088660818,2259.90497924283,1945.7459985509,24.4088812876462,4.38076883397684,7.58742921565995,2.16201802268568,66.1494720671071,94.5070568698007,0.0392420229527536,204.709767174924,0.288926317135815,1.20815422824858,0.871719846981642,0.5
72.0954566418455,25.1176238615787,44.4638268534374,0.234302027623125,2134.27485090227,2269.30337566881,21.866096784941,6.83173648422708,5.6482986197281,1.96757317645155,67.5271607019618,83.9810166367553,0.139759547585873,408.729479614121,0.992226460203232,0.652749427105563,0.5,0.5
194.09404632698,27.9538855668014,49.2714471554274,0.398445788189785,2711.72280574604,2634.46230426166,27.2593139095113,6.92457492716728,5.84769889783551,2.03816713270436,64.6648148549529,79.6780467689393,0.0402764599322318,243.313857708815,0.281611041115351,0.889699131969584,0.864823600451787,0.5
168.889267443257,38.6184819066942,49.1555238923033,0.388040681321634,2521.45963872147,2952.94459190573,25.7032294935118,6.90923163196601,6.78655103567219,1.64668574494784,66.4605047910586,85.9165587686002,0.0596152654154702,384.351295089231,0.426124788441699,0.997644013662449,0.742308407507178,0.5
134.762796867913,36.5744036646791,42.4834349680391,0.103630935032832,2009.03846907929,2166.50119761654,24.8809923142569,4.42811737588004,7.63097034215891,1.91470711841443,73.5463659992259,61.103793534666,0.0888770116377355,260.843948423965,0.580153122415935,1.29824782555195,0.566737930173586,0.5
114.305303147965,25.4375464546789,42.2133521990451,0.29873020351032,2118.50262359815,2322.15360567486,22.8619783193963,4.15553975563666,4.98918312751078,4.67812409862419,89.6964756940333,52.2455649497807,0.12047787879838,357.65708843425,0.75975026503622,0.828199252494604,0.5,0.5
69.1800201833626,36.4832012577379,35.0001745213304,0.224969748544687,2522.51018108558,1563.07046359423,21.1271327119672,3.21853768000388,7.86539081486166,1.90450132499868,58.6889423836326,65.1971256127513,0.179875586618923,254.7242110409,1.19256221348114,1.06644387767119,0.5,0.5
159.401719113199,39.5026824969892,38.3644022492756,0.298914157541026,2741.89632695871,1076.04165529337,20.0442146625893,6.39370151636209,5.11314598506804,2.21172362256171,59.6382810310364,85.6310666549256,0.0546499140585587,201.964480408244,0.390242831128654,1.23756446116926,0.772100515648647,0.5
105.641151223664,38.5291029512372,47.100402795421,0.395457520828742,2754.24825968208,2541.94866626409,25.448419032698,4.57278080411168,5.95318916997318,3.64405701698928,48.5305117342705,77.2248479551932,0.0994037946478949,278.230616514515,0.688930046435798,0.774015449998699,0.50357723211263,0.5
167.094757613833,33.7565917077116,49.2833267854639,0.112726689462067,2265.32613755546,2273.30207118152,25.0196391200318,5.40621551719929,4.48279956102965,3.85769665628496,79.1552377134869,55.1257982033237,0.0770493024318062,284.514077645883,0.491431619598096,1.14402206681156,0.637704185409162,0.5
175.849599157701,25.1712697518111,45.5554966944357,0.391077132917817,2437.6613281482,1460.88759631033,20.7558024187768,3.93989361998381,6.5243550502169,4.26851256806234,69.5893642235031,98.3517637628073,0.0362586390983952,208.780064715057,0.270445723166132,0.893582549247554,0.891609072677365,0.5
132.328799761603,29.3144909356551,39.6016489928321,0.205887551035707,2621.29244904961,2185.04979764698,21.5550739735918,4.33619986267507,6.6634952529514,2.61810954229547,48.0758940139481,89.1879921242053,0.0755580417946052,386.112699116133,0.546261959885467,0.975529455487269,0.646651749232368,0.5
91.6779164134568,29.1447866269878,41.4802839139175,0.394110622282655,2067.50254668382,2377.34949590829,23.0411869265947,5.07480397752238,3.89682341006105,4.88270618163897,50.0986577127358,70.1800501180795,0.125824209349661,357.533320057137,0.849879779703983,0.761677061811114,0.5,0.5
61.33754207811,39.2713483126834,39.45936185461,0.127620095824742,2599.04458715038,2009.09300139843,22.3093840119489,5.49459511316106,6.24252410059344,2.06960811143016,45.6799807896513,98.2507684727236,0.135230578551776,369.939316290097,1.00831559935195,1.07084625488437,0.5,0.5
73.2242918896579,39.1710438817461,46.0480284250218,0.364898147448932,2202.63263413534,2866.83432230848,23.1771741321127,5.3503434844376,6.50569797208736,3.72044754178789,63.3668260890014,50.7697445845654,0.243558442829952,418.219623201277,1.52692721249704,0.781438429380285,0.5,0.5
51.2479913340788,31.5037418894892,36.3893822457705,0.324515304902869,2914.54866384855,2942.51738609735,23.0567930261881,4.73608389083503,4.2935582107772,2.73761327602643,77.55515180325,50.4527080790185,0.506221354007721,388.240222154878,3.16961272496653,0.718129304121616,0.5,0.5
79.8905504700201,38.1620506998172,46.0808472608984,0.104123666203403,2248.3762603698,2285.13180844531,22.7417445899532,3.85762593197265,4.35403164018486,1.99023908111954,47.813683308428,72.947025829841,0.159493161466241,373.227760615968,1.08832960156022,0.980006187374208,0.5,0.5
192.723606526518,37.5773775076453,47.0763547774349,0.34689514151253,2932.71050813276,2182.1791714952,22.4344753560871,5.17701586445479,4.00141008933813,3.46713443141016,78.4296672150572,86.8958696677012,0.0559989249085883,350.647824152665,0.401646506552643,1.02708523929185,0.764006450548469,0.5
105.666940764519,38.8114991269503,43.7667336463613,0.261499582976714,2268.85351438219,1803.6225604172,22.0537615800073,4.47379567966631,7.47673044576584,3.66585219010734,80.4324162038549,72.7172711533827,0.108532052685566,223.634133320565,0.739964131027071,1.01614275162466,0.5,0.5
95.1569116751469,32.5394686394519,35.8426411602115,0.247328718814949,2927.11062885842,1609.79863626594,20.6573998632502,3.42157287243122,6.82220364037752,2.63868421350397,74.4828171535952,63.0118298992614,0.147903006423688,259.57797783098,0.972506009177411,0.955705836607644,0.5,0.5
125.016912811494,31.1793714255115,48.0579044940407,0.289425676365513,2532.50406641598,2255.36524045457,25.1508172311634,3.46157856871566,6.02818944661705,1.46881562272093,60.1742959004588,57.1420982407165,0.0956429228677418,247.942543444258,0.614845546702153,0.808120462495025,0.526142462793549,0.5
168.913717035921,26.0356885947189,42.1138253146543,0.268203488481685,2628.42645661458,1548.17915291505,20.5437212313718,5.7545265172315,4.26636191761357,1.03991510663379,77.554964805971,76.7828299673789,0.0612819696741823,227.274269042818,0.424044924809882,0.944134528909806,0.732308181954905,0.5
108.173913487539,37.053064891939,48.5266104281934,0.161041822749278,2066.97361202527,1665.77439035042,22.2709918192936,6.50940181253135,4.94702469489437,3.16704385707025,88.5629615422841,53.3282363957111,0.124963413682139,308.424899990414,0.791419030052103,1.00783495702313,0.5,0.5
106.320339269975,37.0572181779017,41.5020834913345,0.399154706170885,2559.0592849466,2120.79501863023,22.223162677246,4.28464861054381,4.10055662952376,2.40208213714464,61.7639973191797,53.435683886198,0.154779490270327,441.041073239259,0.98066614920544,0.86836423026614,0.5,0.5
170.674196364773,36.592143599355,43.2262874449034,0.119938997732881,2766.51504953258,1709.97342044936,20.1594042700503,5.33485435092545,6.90979988578979,4.00698796958336,81.1350932381026,75.9004033202312,0.0762070124562102,435.503316793242,0.525638636812457,1.22023529167193,0.642757925262738,0.5
121.088183017415,35.7459566793714,39.0641404747454,0.16067625415736,2313.82680822441,2080.97831082096,24.694301480108,3.96600251197133,4.07456318518198,2.69940337147234,85.852733124759,75.3529823369359,0.0779340155026076,202.980423279307,0.5364840898534,1.19860792274044,0.632395906984354,0.5
63.2577420476778,35.4842324273107,40.5252082069152,0.229703867921004,2031.14909279339,2402.12832732695,25.6316721707675,4.03830579710019,3.16838201937232,4.51674309040499,55.9528507448338,77.8668584786504,0.142328296793374,206.312854025171,0.988707917564799,0.91019171954898,0.5,0.5
164.653007965464,34.3561462729601,46.4345393675144,0.111681405006299,2837.11962783065,1080.04545077202,20.4314433821625,5.47810480014521,5.8169767535632,3.49845619245812,83.8994961090763,79.3468253279453,0.0528438246145632,281.224577360812,0.369043866106624,1.07118807837819,0.78293705231262,0.5
118.214651382899,35.1217945325111,45.1629742082552,0.211936785526715,2941.69198665803,1982.89554759867,21.6004399096669,3.66942812894712,5.5017972310778,3.76353590620329,76.3711112651314,82.4319478384407,0.0952445699067965,410.0951546096,0.672502734995277,0.892537955498457,0.52853258055922,0.5
52.8717301995255,36.6865387959368,44.1454613772892,0.309891870886636,2838.15497498864,2593.41769942537,25.0918528573076,6.211243739298,7.80460073464412,3.14374031540847,66.9823034696957,70.0943599945365,0.238698780536651,365.98257923385,1.61177985901308,0.688026234197828,0.5,0.5
54.7615648059483,31.3500271622979,36.2684806714585,0.282054086662041,2880.97300563965,1387.31165219252,21.5596805593312,6.53165926607488,6.29522705066116,1.84492732589172,83.8348574111492,94.3046717656604,0.191256359219551,180.658766126786,1.40719100058013,0.7653731672682,0.5,0.5
196.30147002186,37.2546086090775,47.7882113186895,0.381389569430168,2085.10348611978,1338.19762519573,22.0104961325363,4.54239037005333,3.35517444522001,1.84317240620011,55.3214599666952,73.4553605523789,0.0490929975526084,214.479707051505,0.335618583658639,1.23031938681908,0.80604668298261,0.5
81.5760409498014,37.1353546043751,37.2038288537565,0.202793543956756,2864.65892185814,2184.98552036432,21.8769452665835,3.61970124457377,3.41368417809094,2.93815198032004,58.6088780075341,78.1704182241927,0.149276665656595,393.675997729124,1.0381088129202,1.04637444878896,0.5,0.5
137.104862683142,32.5826314058479,37.1611817901979,0.287199545658694,2273.64041786077,2509.51222620868,24.1144546445822,4.95133727417604,3.4113616213853,2.83833622885449,58.7908560619269,91.1190605592677,0.0606074906123183,341.367761870015,0.441099893247819,1.13305278430461,0.736355056326089,0.5
135.159097689658,33.689716999929,42.3443669307536,0.293423574573045,2229.82672579761,2878.61206415773,25.2647488214407,5.21064907110699,4.86086627623448,3.64666903851675,51.3550594517917,78.5438708419738,0.0761937558730497,399.77805120376,0.530582592371691,1.03398823164386,0.642837464761701,0.5
106.182236506937,36.9659839502232,40.510860930456,0.126105165490836,2556.78491092818,1928.15117484274,24.2900336799717,6.38048340598413,6.97963193571751,1.70049256052141,75.274407648561,61.0252131717823,0.110290296693316,255.407614563404,0.719713705128802,1.12694740753778,0.5,0.5
118.748539188136,30.2682908102317,36.4066478938552,0.245839145564477,2920.73965034263,2375.6644098471,24.5614570227347,3.16023647620277,4.45730456746896,1.83016374482281,55.7165994149563,95.4217275939687,0.0661302556350912,218.025454036084,0.488407859148735,0.958354477233105,0.703218466189452,0.5
123.089803115007,31.4497782118158,43.9536603581998,0.399867310975131,2769.44889408204,2401.4391061382,24.6347661201477,4.5914628120697,7.13776526137023,1.68283345324992,46.3708658839032,60.2224186232136,0.103109183965629,296.221682949086,0.670783030845052,0.758500725858631,0.5,0.5
53.7457493175574,31.7355815189518,38.5621783512838,0.114884312001651,2724.59828684762,2597.95098745074,24.8203875413553,3.44637199982899,6.04159750003885,2.12419900066755,52.8073222659759,68.9875761459658,0.291312903165817,363.136163596208,1.95898879306544,0.858558250871956,0.5,0.5
165.915712949761,28.5539998735997,45.160896948333,0.269734466452298,2929.14471721168,2376.92412302764,23.7645889039745,4.54929007190125,3.3308259441722,1.07662194220501,82.2086352437739,76.2367818830716,0.0653414075476827,375.904942153999,0.451242503617053,0.876343039567836,0.707951554713903,0.5
194.223848686116,35.0180186005122,48.9980763163895,0.179648922228721,2611.46361122566,1362.70936378308,20.9031161663395,5.71399987317055,4.58774850128794,4.39243694006252,87.6222658305111,94.2427558848002,0.0401810638903839,187.627472809252,0.295574674337244,1.13768683840769,0.865459574064107,0.585218271342256
105.876339733019,38.9294584317309,35.9271269103383,0.127708158433413,2162.79098920622,2838.71128381873,25.5719921601555,5.38085133650749,3.75236135502998,4.87230552580293,65.1021537266334,75.0758980175083,0.105869856656041,355.665901176509,0.72805614731614,1.40999657724532,0.5,0.5
51.0316943329474,28.186709157932,44.9528539087017,0.223359246664763,2402.40625929931,2392.62028674656,21.6681656504138,6.53834755291845,7.47781424065919,4.63670105621434,59.1245134431762,84.5527906369631,0.288338959217071,426.330320218556,2.05119138736438,0.597329294026513,0.5,0.5
136.528607169905,31.9597254725033,36.7806364326366,0.394170468118217,2214.69588746335,2502.45175100841,23.1336355430045,3.26893672036224,5.97423689750954,3.95546670853213,46.4599550721234,82.9358819363511,0.0761529323757231,382.006059450502,0.538659927094113,1.05159277367492,0.643082405745661,0.5
75.8785815419543,33.5196144597412,39.4453642026993,0.381494718595394,2818.74022948405,1830.72968987863,23.0979502662514,6.93426882605465,4.29835419475207,4.8788945311919,64.4055241406201,67.3759397656877,0.15294170089136,267.487502439399,1.02232327512975,0.730992746126,0.5,0.5
107.148691050259,37.1260860834053,47.3543541612346,0.21538332279363,2459.12402328668,2602.27177600726,26.6371608933819,4.21314356339713,7.66277439209656,1.47457506296632,87.0187240350661,84.1933225917671,0.0783192753789746,209.364734804686,0.556445377323259,0.918435700575653,0.630084347726152,0.5
121.339428773301,31.1162215750409,37.4182821796268,0.296922881050197,2971.15090736828,1828.93038171682,20.9797718235348,5.2487552442581,6.57376638221972,1.27380181026406,63.7950148117647,55.8179242582247,0.131409109828567,395.989925978803,0.840420142624131,0.914150639069863,0.5,0.5
103.199930747762,33.2599506916127,41.0481163419987,0.350093203142551,2814.67100470998,2154.44433117909,22.3040914494326,5.44732408041288,4.86728972566352,2.02134549505297,49.7643443195908,67.7448841743277,0.127031018971677,332.457173170228,0.850297636527966,0.803970536257197,0.5,0.5
109.288897314673,27.7266830082604,37.352190579752,0.348190644921173,2041.91521671625,2145.39956074393,22.1032441892377,4.67673150360848,3.84101827883259,4.51732086271389,70.0668230973765,61.5690318188424,0.116792895423416,448.048284216068,0.763735114480559,0.920229302867102,0.5,0.5
182.927265819401,39.0145617125123,48.7463081679809,0.290624307058573,2629.8206544347,2895.29502229858,26.6133801273625,4.61284253273529,6.76198941151894,3.12517607340372,75.4847132052732,71.4228951924397,0.067574652936345,435.738508176624,0.458532698540176,1.10007106413307,0.69455208238193,0.5
176.631848792921,32.260308587641,42.7114316382689,0.192540484446845,2573.04220061901,2787.65183129305,27.535078026452,4.30084478510484,3.19634707120826,2.08799442137742,45.2870569532965,98.9177393528428,0.0349132852014119,202.762792453643,0.260905007144678,1.13710973088367,0.900578098657253,0.5
190.779467520969,27.7177491857512,44.3413010485976,0.166802823736925,2307.21641702127,2220.11389268532,23.6116273636726,5.18583416691249,5.08596709282288,1.64090240390602,52.6921381089381,70.9072394081399,0.0541223141966491,242.124160118988,0.366553168234854,1.15055021455275,0.775266114820105,0.5
84.7212820647947,38.026142859204,48.8969569693427,0.225888214842043,2050.62247226907,2936.72649012137,24.0637861038407,3.15756733477127,5.86974933034505,2.57158043557271,46.2893592409944,79.1626196156278,0.141583230818901,361.931379832624,0.988118640226218,0.882387215425971,0.5,0.5
138.252833147472,30.9652662164958,49.6070062003572,0.26325959875111,2275.239181037,1266.08205675842,21.2077400902769,5.83775545853589,4.35746001271355,4.61697316563026,61.8624886728319,77.4934281388102,0.0608476351908048,252.151616877363,0.422120472080903,0.899060312999571,0.73491418885517,0.5
123.880307107143,31.6316055201958,40.0160176848312,0.218371694595677,2529.94058693023,2381.17084396623,21.5388154694364,3.64546943355353,5.85997939141796,4.22172931719994,79.2072418405571,57.6949952346886,0.130522814761123,428.234645716442,0.840876903197149,0.995776340494446,0.5,0.5
55.2009056339099,30.8786584441586,45.4574553820697,0.158030602886944,2641.50448125625,2199.24304208336,21.700412964975,4.03931255176119,7.43043054406758,4.58275977706646,58.3779241926596,61.499687698162,0.341674387454986,464.783751132086,2.23369364034849,0.673047769872376,0.5,0.5
190.164955813016,35.3363148062234,47.3490981902004,0.266857207789003,2779.51670142406,2626.43632003779,26.0458513401893,3.06480158935786,7.09190212389767,1.16055543634146,85.0461019363288,99.5981373619321,0.0356057694959557,201.114362120238,0.266685555508166,1.06196592340127,0.895961536693628,0.5
68.8932794569037,39.6872733265092,45.10758347405,0.354066167328685,2324.32937735151,2663.9059579305,23.0852777647243,5.70593499808241,5.97120913654298,3.41260048049178,75.7139606791974,78.7679586564549,0.177729668474511,437.25292576688,1.2386334218332,0.785799325501379,0.5,0.5
153.853145923162,28.4999923397399,44.3799525493168,0.324123480138708,2218.71388890653,2421.453327283,26.7881729000955,3.23977320344523,3.65486871497087,3.4239878690841,83.2250882801581,52.2498410617712,0.0753028494427189,255.602147559776,0.474878295085608,0.964192338540512,0.648182903343686,0.5
144.706298907237,31.3959753520243,43.2221780409203,0.152394155768898,2295.93202943661,1146.47897783696,20.8355672246322,5.6552978994109,7.82651361815199,1.20166709440883,85.0672944384869,78.8440600655604,0.0558213191848832,245.160964666973,0.38913608199321,1.08687281306801,0.7650720848907,0.5
90.7931839097298,28.2683706944011,44.9275187767099,0.290113479929658,2593.46138270472,1239.56024374134,20.0333628258856,3.06497377283781,6.64389027225323,2.29412164994196,74.9275195052983,77.8289214251076,0.107652524165257,247.548581631429,0.747724616938095,0.680084979303752,0.5,0.5
131.044911014224,37.7672610313897,49.3644746940888,0.269723485183986,2514.46132773989,1136.20332904565,20.3869240936857,3.34022554195696,5.74436400771299,2.51991631586157,72.3210876397609,69.4363173938273,0.0806181178433244,227.667038662534,0.543036219673173,0.933455290865017,0.616291292940053,0.5
68.8324684847715,39.4521992121149,36.6206683906461,0.243547321032156,2585.5637287933,2624.89832625801,25.8873715011849,5.16549768362975,3.43016078516471,1.22810765601447,49.7467542357466,79.2793841936306,0.146733988812665,208.058043947598,1.0244944508969,1.07375844758621,0.5,0.5
100.895790096435,32.5889748147933,37.4288450994832,0.297430665416947,2997.7493890102,1444.59803431796,21.8611029088634,4.80695790392577,4.77364278365106,2.60281666733786,50.181578027784,94.1636800713112,0.0730983651922146,193.19549609068,0.537572102803462,0.883006432048277,0.661409808846712,0.5
172.058501558334,39.107559293191,44.7314807923907,0.386369778657643,2151.43231436996,2120.58367201961,21.8433887039236,4.90966475792141,6.00903366972723,3.32694658968474,63.0657800590069,66.904220468313,0.0882048934894726,392.828887660528,0.588556458457457,1.18290277658791,0.570770639063163,0.5
134.877584046987,38.6202781813249,40.9446893824733,0.18889774056994,2143.46945701802,1850.69723296855,22.3784085389357,3.60578208774142,5.16385742170909,3.38271929664611,48.627693232632,96.9784294512582,0.0580508816721785,201.113298243128,0.43099649168161,1.28678368553362,0.751694709966928,0.5
121.525831659968,34.4513969029249,47.4297935917743,0.33504086801478,2277.0692497134,2571.09667734747,22.4056027043634,6.76352067823681,3.62172920715435,4.5005344744846,88.6923112322078,58.8576761611312,0.131684368794891,472.611419359589,0.852187742324773,0.874039278160036,0.5,0.5
110.813423770873,32.7442494879651,43.7096783886445,0.380781174474567,2672.25068729419,2305.16516050946,21.2085655633399,4.92511180487694,7.04837518132944,4.80213128381763,45.992976690703,99.1260636128019,0.0843298514187056,336.699647827666,0.630631412498247,0.76917790935419,0.594020891487766,0.5
139.919170948807,38.5360491416601,40.7482304892087,0.164899833289248,2442.57734593281,1452.37961255868,21.6369622484809,3.19345084419512,7.10243792240137,4.30536324380074,71.4600208543332,67.6551444469194,0.0837751299489839,231.999223516195,0.560571112688868,1.26398224892382,0.597349220306096,0.5
191.895633476839,37.6324806497557,39.4491872323564,0.12315625906794,2169.88707321905,2113.93045356857,21.36755473846,3.50777765501989,3.61641889649473,3.07424675466293,56.063134912203,67.9069858264572,0.0787277593935352,373.590752050811,0.527292917999814,1.58716521982404,0.627633443638788,0.5
107.320921224885,33.3209770492353,36.151370928331,0.101256233088387,2670.43433379691,2872.4516676175,24.2766966509934,5.56727806720574,5.05394404999805,2.95857630412813,63.694935026644,51.2002522422444,0.158005397460091,430.587870388582,0.992274892440278,1.16706322045898,0.5,0.5
181.146100120562,37.4593414064768,38.3698609646265,0.219799774059766,2409.67286929251,2981.28655040492,27.2201154427146,6.91288267410623,3.90445950689449,4.19663188441912,60.0386721377899,86.543517288808,0.0502104740891577,331.767324389028,0.359687146256145,1.41111840926965,0.798737155465053,0.5
112.372785202761,33.2288262258203,41.0410922712024,0.255883502740902,2996.52630879861,2230.12638259936,24.1996213016528,3.54086925485141,6.37728022668212,2.58400386554246,50.9854409508298,57.9368381687154,0.117083088337858,269.112833439387,0.75500104022239,0.881587016534983,0.5,0.5
124.435883285122,29.2843898284336,46.019124510658,0.107183879581145,2584.82781130579,1220.46131489882,20.1939307336913,6.76589695002426,3.87204633555749,2.88659796300238,49.1139896317712,81.2840956130676,0.0707947434544337,200.55201120808,0.497835884668488,0.89240537654119,0.675231539273397,0.5
193.443782227004,30.6501466064419,40.0886099176075,0.118729398183334,2486.17365410488,2615.31052632557,25.4844016561767,3.43605446256371,4.24269910463713,2.26777048706912,81.3971845571257,93.7744325197948,0.036979349382766,372.414265486933,0.271589684496832,1.29120120523781,0.886804337448226,0.5
155.756135953038,36.1296659427097,45.1658486180198,0.175694420840545,2873.0431470152,2646.26613637888,23.9506071030862,3.67543385348158,3.26817395760415,3.86985996244764,66.396407185473,92.4549009979338,0.0620499041876415,421.392517031308,0.453669964653199,1.0588066065183,0.727700574874151,0.5
111.166705160924,38.2957054294021,35.7079505254606,0.388424985892614,2679.16256831956,2313.42900058714,23.3777139958758,5.5255039105735,4.35279628243995,1.9951671549567,87.3926198769868,64.9136227117061,0.124326126481957,425.397825274415,0.823392114101229,1.04371805654946,0.5,0.5
173.037997841733,34.7312067084252,41.2845466066928,0.23740858497516,2256.64720718609,2462.65980261607,25.8713792029894,6.00845733078789,5.56437371152633,2.28341817099937,71.8222552092427,99.7867226025661,0.0368303949490138,172.490542090533,0.276031584848073,1.25897281769934,0.887797367006574,0.630157684964668
80.6363159552643,31.2804271499152,38.2945239289185,0.100068111465476,2915.00153774752,1362.54209981141,21.6419812077495,6.37551764492371,6.71146115743473,1.67125838258411,50.4163609294493,53.3802374736191,0.16934910416603,210.898500206067,1.07274290573833,0.934009923160964,0.5,0.5
55.3385346209714,39.9149545402857,38.4909252337332,0.116149157472537,2189.87532909592,2296.7952831555,23.3181079661948,3.15583138539385,4.95905447308585,4.20960713780529,60.3560002390974,72.2091703439183,0.207020979259262,414.495297734613,1.40882522519873,1.15018914370561,0.5,0.5
155.955799521499,30.1836937880622,35.1047339282052,0.221044290708099,2234.75442172497,2643.8265193798,22.9210068137366,6.27547708208188,4.68665304422882,4.31009477581526,45.0269072475657,65.3909575013059,0.0897216758577583,353.745559334687,0.595283036612807,1.27456469155357,0.56166994485345,0.5
173.187523183955,33.169463066607,36.1678477941315,0.38663445743142,2246.96116699189,2773.57375921469,25.7038629895611,6.43858138141042,3.84405002892282,4.41577152856741,45.5952965807382,75.589022828474,0.06006124227839,410.523323665389,0.413805476734143,1.23555846462627,0.739632546329659,0.5
92.6276443567593,29.3345278738158,40.6558089650254,0.217996201115556,2544.55532465467,2720.47837415326,25.9765905751122,3.63951905346576,6.45623331892994,1.67026615721802,58.9638816947046,75.1672565303077,0.106976755441822,371.296358585079,0.735912507686,0.824534591351032,0.5,0.5
132.056801842336,26.3116975269982,40.6604476519497,0.224054959086987,2039.81143944575,2113.8358910263,24.6731978174051,4.09595239787988,7.77824733633244,4.81453043131875,60.8547174413642,52.1550054474162,0.0877730115762587,269.51637970651,0.553310105303691,1.00302468387718,0.573361930542447,0.5
164.527376550231,26.6302380906203,49.7188636608691,0.21448494973274,2775.23453889905,2869.44924492307,24.2359719061155,4.37036433124452,6.13834438579404,1.76806433896014,51.5709458683633,96.9032069784065,0.0462687604915625,346.236923349899,0.343433584321518,0.844320660591804,0.824874930056249,0.5
66.4794670611174,38.2552595153198,40.1439449413879,0.305161037472709,2025.34860426393,2502.34680385357,25.4047594319785,5.76018755363779,4.58050655773485,1.22296341434976,72.4415742696652,62.0401908036586,0.181248116262136,204.536527046872,1.18735727420334,0.932488052536329,0.5,0.5
72.0744876642418,29.4696585324376,36.3463925084023,0.373247879405894,2006.04704318397,1467.0181051297,22.4174243685954,4.93544087545724,3.61623729066275,2.23071635791179,86.6726801918219,58.0847276636993,0.150041444806912,232.180474019364,0.968085135531501,0.800992777585332,0.5,0.5
161.234916270024,33.2001589734596,48.2671809139513,0.266197976650939,2534.5592191563,2914.58079929583,26.1738313096826,3.7818320014736,3.83114681025829,4.66595660446205,59.7527189482515,68.6041127481448,0.0717253359566794,407.61642390383,0.481643005655162,0.972249195335507,0.669647984259923,0.5
110.28144068551,35.1063434467613,41.7552557867118,0.324688945258119,2356.98242946866,1487.63334464199,21.5379037752799,5.53897656441611,3.93209902426987,3.99747774657982,69.5563185965861,60.20321942733,0.111801702113988,265.362743601528,0.72727907068788,0.931815200024365,0.5,0.5
149.4966064256,37.5864954819941,43.2599068885484,0.145943350025186,2728.11643733616,2943.20955794232,27.2706108541028,5.40100564039833,6.65625294673687,4.07898649142834,88.8934665458135,78.6781640013355,0.0658189654533452,262.331361251122,0.458557711225139,1.16494413334421,0.705086207279928,0.5
166.519765581294,37.713214495821,37.72726479256,0.22910395971166,2165.49977466365,2674.12421203042,22.6440329293007,5.82641651597687,5.67673884030828,3.54129338683328,53.8419135130295,60.5872931026209,0.102948893875482,311.344648301613,0.670679339573024,1.44535214183164,0.5,0.5
95.416269240795,32.9870636182584,43.4662488166962,0.28017495909614,2166.2553303497,2315.21212870962,23.639089940166,4.51894961928659,6.08597113558483,4.87927545853513,77.7434011964859,96.1301878546979,0.0786659963141671,354.720118661659,0.582384406657282,0.867639000171774,0.628004022114997,0.5
195.869208504185,32.7701564706414,44.2127936647851,0.170982934812252,2483.4980851068,1712.5449688101,22.5620909048816,4.71659796783328,3.37447921000991,1.42464141418986,82.6862633828448,61.9909976103295,0.0600303951126556,206.251569511514,0.393185577562672,1.21874141254921,0.739817629324065,0.5
136.521187945738,26.7881566426086,35.5469157623842,0.115823185648665,2834.16410820844,2421.86782840628,21.8583955573696,3.47188993451224,3.22575682206146,2.75159954857164,82.9797062373911,63.1204188244651,0.10937334122705,478.359012776518,0.719458983797315,1.05727195348116,0.5,0.5
117.361777120231,33.664196209557,43.5636058062821,0.199728007652309,2315.53318066313,1554.28154381479,21.1976759769125,3.42649447574639,4.83399160323134,1.39797867549185,79.4968175120423,98.3137148874092,0.0601045073313712,201.151556070982,0.448249971587472,0.991503578926319,0.739372956011772,0.5
152.467142858456,38.9885006305894,43.6349787949613,0.137834596712623,2581.72152747347,2008.03265524876,22.3914521956185,6.0653888524186,5.03208268287009,4.51935099176587,74.1907329010814,94.9624459144601,0.0578694213644289,340.164204105776,0.426732651732662,1.23419054899113,0.752783471813426,0.5
96.4537566657783,28.0269242237868,48.6323974657529,0.328120020186244,2676.39836891,2058.76327811834,23.9386391601447,4.20386527852648,3.92022386025106,4.02580435195564,66.3371075645585,61.2894776075314,0.124875731368816,225.849452786948,0.815717865380413,0.623567764846359,0.5,0.5
98.925538119238,32.028354918867,37.219375011641,0.395396343277251,2209.09736458961,2041.55494541318,21.2100155641535,3.52141252017306,4.01767436943448,4.07624453263889,64.1477546672329,78.2707969876269,0.118116364775513,396.353878301708,0.821708374084083,0.89280640598803,0.5,0.5
130.754465315153,38.698445294189,40.8195913159682,0.34886974942851,2133.69565439943,2713.09719676891,22.6011970278692,6.74157795867119,6.75711658765651,4.7653375711476,75.4477755098628,68.1701965999713,0.117879573365937,393.18828310236,0.790294709116605,1.1300460244618,0.5,0.5
99.8258783092598,35.5121262700261,46.4797444928808,0.378821045154746,2204.8024090562,2845.4529313118,28.2670032892753,6.19199214087689,6.69273026698481,1.25517822501439,62.4250413544593,64.1382728530049,0.103675436086519,254.870113299554,0.684616265629384,0.806081909907959,0.5,0.5
192.152926559642,28.2815756261632,39.8933076047139,0.326857670232034,2393.7551415654,2673.83417953744,25.419726239339,5.43284550706578,5.22286750534714,3.96947974835912,55.2749063565874,52.9228993618438,0.0713410407711101,408.884795091034,0.451094571883017,1.12612741449765,0.671953755373339,0.5
137.49608722763,38.2651514195693,37.2761436942957,0.279342404020454,2664.73920491084,1499.95754573392,21.7217553106482,4.67733872167715,6.50548793682135,2.64292617396404,67.7086779589845,50.3676522277213,0.107445351270853,222.195893997529,0.672521008511658,1.20155759282775,0.5,0.5
179.443943496952,32.208399112544,36.0313085963373,0.264915176548993,2417.1642789757,2242.91563572587,22.4966919862421,6.5109976194505,4.01997301804693,4.30585843796873,70.0959911033453,52.7305151606734,0.0907203761643219,313.633364197976,0.573195185089479,1.29945821364693,0.555677743014068,0.5
120.158092395672,34.0884522276922,41.4252770085326,0.108131995700869,2783.5015025879,2436.21400779947,24.0330028210864,3.04205289816661,6.80944947188742,4.57321797515249,64.4777964475727,76.7771236548899,0.0910495325379007,402.021000592566,0.630010693149061,1.05359000976636,0.553702804772595,0.5
487.270059423681,44.5071430640991,44.6398788362281,0.139798772629555,2378.00932022121,40.2792876437063,55.8083612168199,5.5985284373248,4.80334503522962,6.24843546677627,30.617534828874,58.7963940864797,0.0010863696224987,13.0677268634299,0.0070287135236941,2.59698974550106,1.98920379718765,2.39079344196849
716.22132040021,37.1233911067827,33.636499344142,0.077510676478015,2452.12112147976,88.2183361121909,93.1945018642115,3.87368742059412,4.83555868416713,2.83696316391225,38.7643394560565,34.6544737317476,0.0004508786702129,11.8524449438304,0.0026450174268924,3.0,2.0,2.79801828940237
528.034992108517,42.8517596139301,33.9934756431671,0.127135165762041,2596.20728443102,26.0385536535997,110.754485190143,3.51157237106187,3.19515477895583,7.69331322352,58.9689609922367,52.3358939246584,0.0007039545453153,4.56157594519997,0.0044408249868619,3.0,2.0,2.77149615911301
452.306884586685,35.9767211400638,43.6846605302431,0.11602287406094,2361.01911742238,84.3729983144651,53.4388521115218,5.72796120623634,3.77633994480004,5.97513370612389,39.3513322826823,40.8027208471124,0.0031067566014826,32.1287046623409,0.0187028860661686,2.30093513202169,1.73665542481467,2.13894616848101
573.355139671639,36.8485445552552,49.3916925552911,0.166269923504167,2769.74947078209,136.327555555594,109.789997881108,5.76562270506935,3.26547750615575,3.17589717451487,31.3568186673161,33.0132132305305,0.0017803199589252,13.0977003369515,0.0103709518551904,2.31501462459475,1.90246000513434,2.16105085764824
494.338644844741,37.7134903177389,46.5747501830385,0.103512999004038,2440.46725484369,90.5504908105723,64.0924224974762,5.40659094226211,3.22365193103931,7.9213216196031,53.1673430788997,27.9486272613668,0.0017158170230686,21.9857319278073,0.0097779533760046,2.37941326252064,1.91052287211641,2.22719193220714
302.761058561801,43.1546142845483,44.1371468769523,0.159351075206148,2685.63517334297,29.6258047254317,85.8465728544272,3.34760717857538,5.58931027762678,5.73978876096534,39.9269407455794,22.5423340114409,0.0020202910527586,6.10890312911357,0.0112400071565837,1.77034916365714,1.87246361840516,1.66187780439226
455.491160857831,38.2518332202674,44.5921235667612,0.145633620703281,2743.60637128816,81.3879402710534,61.9594245938301,5.13973436166898,5.28235514585069,5.36766318541697,53.1290153986368,39.7518238545756,0.0024594145361334,23.2195199381463,0.0147412280163109,2.09366266481104,1.81757318298332,1.94736607683925
561.366414690997,39.2754101835854,30.5083825348819,0.0661837140489956,2315.71459284336,102.733353464291,81.4355981076326,4.5257120734941,5.72269942177827,3.49575337489324,42.3114876910688,50.2220455417219,0.0017492612823843,16.2170159942606,0.0109425934066289,3.0,1.90634233970195,2.77466693168741
414.399082745811,35.7697990982879,35.7950290582753,0.0741831930881006,2764.84882617128,125.055649343374,113.340375651042,5.61438177056315,5.41101623069734,3.11942035331621,56.7767699546993,41.573689676626,0.0017652362585067,12.065800922174,0.0106608659029611,2.26683486635499,1.90434546768665,2.10637277839624
703.720077582031,43.9609129992349,36.3600694994372,0.0665077886791515,2413.96758127097,75.5240125214133,131.801476592249,5.58219174976903,3.02085639159357,5.06448381546539,42.5223300944633,28.8843124188292,0.0003617937819778,5.86128873020927,0.002070223025635,3.0,2.0,2.80667353137175
359.932683666841,38.3761517140362,48.8581940782503,0.0984804398031133,2559.39531087168,111.392464656373,86.3629602379294,5.91534624816288,5.88734188482633,3.51069377495218,44.9174551767715,32.0351323926707,0.0009917011970048,14.3141614953485,0.0057527379635244,1.82926134672894,2.0,1.70849796468086
442.420247188733,35.3688694735453,42.1912866795979,0.125401853484329,2325.73937562499,56.2240403507594,140.826588596665,3.71868567200091,3.43468461627366,4.93671656166537,59.569513623318,29.68221086046,0.0013791469418641,4.81537217326182,0.0079191379677201,2.30862095050796,1.95260663226697,2.15892741605764
636.067773702939,42.6161961532871,34.7527508798479,0.159232452291778,2483.89156635962,102.199757977165,113.352971076089,4.60732405222427,3.27086931016322,7.01181497353542,39.623401949152,27.4607404159941,0.0004950989969074,10.2858005550937,0.0028153896103947,3.0,2.0,2.808808889376
320.387570777381,40.9089294318824,43.5512872368456,0.0524881743391784,2556.04652914964,49.4444507757319,114.517279040944,3.52309928701497,5.07281321430739,4.32041207780322,58.101899662102,25.5008377658397,0.0004324517858102,5.6848011969648,0.0024379559998386,1.92975893386265,2.0,1.80866575241971
470.533175525129,36.1347352124058,48.4938723655712,0.181600903007147,2428.97081385757,105.797925984443,131.722220020121,4.66560243479838,4.58895173506802,3.45111374540271,32.7930830341769,55.888630318133,0.0003342777534283,7.22673574295655,0.0021384469117652,2.1866685919645,2.0,2.01623020608398
750.209028581665,41.3310145727326,36.780595820974,0.102381436191899,2662.97783943512,136.624333793835,138.708642426511,5.33962663757287,4.92609493846286,2.50483978997029,34.8488614228384,55.9421675410831,0.0021593607962131,7.03603121841538,0.0138167870671508,3.0,1.85507990047335,2.76608674868837
603.214529829795,35.0919705161663,32.0294308573206,0.149525265366208,2302.5307919231,40.9050466842748,104.873378936658,5.07568559307808,4.9558837785078,3.34561585676335,51.365376640426,29.489963499872,0.0013790032826364,5.77987558292933,0.0079116853249608,3.0,1.95262458967044,2.80576505475019
462.699849079633,42.4649140511802,42.9926579809442,0.177383511574126,2628.80644615017,93.8801184336113,59.3674767828092,4.1031474091783,3.79560710304517,3.4639378602745,59.1903166425733,35.7239089866704,0.0027144611813127,26.566140263412,0.0159965850112907,2.30640178426139,1.7856923523359,2.1498848513345
746.023277588556,41.3113862599726,45.8962260708329,0.125395563965778,2588.45194231318,84.0273001964523,69.5242987798044,5.16735634578451,3.84231708732256,2.14589579858872,49.364168877215,27.0844271762819,0.0008911787131285,19.6998867521279,0.0050593201895623,3.0,2.0,2.80937335923557
770.229292176457,44.5392857700258,48.2972878044089,0.105523805038316,2307.72830826443,140.681413136404,92.8184148317314,5.899964457131,5.89085993126775,7.11805673280416,38.8334667620875,35.403909144077,0.0016689518849689,13.5609522700323,0.0098219449473765,3.0,1.91638101437888,2.79689413628388
725.568335758428,38.1692200515627,33.3898549337218,0.133520189368752,2768.07738708039,110.483873567746,107.006117008936,3.2915294813123,4.8450216800975,7.94032310062558,34.2025204570957,40.7331860945494,0.0015338744269683,10.1595429708166,0.0092313619468263,3.0,1.93326569662895,2.78890022085817
738.686535963977,42.407686177542,43.9403148199053,0.155372612598066,2479.74557560987,58.1669397543841,130.936115547851,5.43034018403754,5.60121695574031,7.47944331533882,45.3402719658281,40.0606517874879,0.0006101469625718,4.39497035297091,0.003661806938029,3.0,2.0,2.78990902231876
699.147589483387,41.4996393077776,44.039337545154,0.169368900415415,2745.00267090878,63.9393703906996,87.5582952639944,3.2819458195226,4.73484042298852,2.21565364278045,43.9679405439738,41.705785388303,0.0015671448782086,10.7869547455604,0.0094696995901168,2.92474776539872,1.92910689022392,2.71752092581947
443.270626064142,40.9083326056901,30.6100049987809,0.0556022283123821,2711.30028032982,66.8247833834641,62.7060512651884,4.56672978016441,5.30998065929583,3.29492616498106,48.68671427457,23.4138985997507,0.0025900988839566,17.6623697309665,0.0144666022355905,2.96765844868407,1.80123763950541,2.78453329925177
325.840860584303,40.3135463156814,40.8127024322021,0.145614485224731,2663.04566686133,146.860770330129,101.630034830119,3.96886941882373,5.38555858430611,3.62499350757244,43.169142621169,23.1382552536906,0.0027422560378909,15.7794467500748,0.0152975556938469,1.89003834348714,1.78221799526363,1.77367033149735
312.675371707728,44.6264841467792,46.7196024102441,0.154396130914054,2504.47647220713,42.5282616092099,65.6437042671086,3.75072869449378,4.64767999411836,6.28757553620037,49.8059213015319,31.1973558778377,0.0016872158739715,11.18680777703,0.0097519962214336,1.84844743473624,1.91409801575355,1.72719172677796
777.432640331597,42.3789691669576,41.087081050228,0.141758111935152,2509.80003121389,52.2050286351504,85.5972678651261,5.2735383313931,3.04318046588926,2.69643584304149,31.3800792606525,21.6291520927588,0.000429201759546,7.99026283677017,0.0023780905511225,3.0,2.0,2.81755627186086
727.730292005503,42.0365785938002,39.4834765817465,0.0646751240976502,2545.80793755841,81.5513302014735,67.3201869910015,4.30155494771391,4.19551420319212,5.69510058831329,49.0528095260293,21.8121603908817,0.0005736912063984,18.6145364513691,0.0031812921472125,3.0,2.0,2.81728175941367
487.306307313235,41.2585991571423,40.0627251716017,0.178473476178248,2629.34681580947,41.1814755205858,57.0568747400429,4.92725783461894,3.07953393162486,5.51465348764078,58.2069072427487,43.0189671150351,0.0021268697455525,12.9766320280939,0.0129217422188098,2.45499644907318,1.85914128180593,2.27944092086442
494.084963103261,41.4328821844235,39.1650578098303,0.13184251839739,2770.73240438826,70.1933429141006,146.119056382391,5.71605192586819,3.58737340436788,2.41616780525099,33.0233400413228,20.7288730260619,0.0013601894024759,4.43818304666582,0.0075058268477627,2.48748852710567,1.9549763246905,2.33733268383431
347.221480377964,41.8300677341635,31.4237729692045,0.0978463445440642,2722.43765548472,23.0253516456573,131.446848258893,3.8455643243202,3.35449448286496,6.1804229921849,48.8682854033965,55.0988805410821,0.0008978868136182,5.45105356422447,0.0057262480251653,2.53922617785313,2.0,2.34231060904032
667.535521901943,43.0348093038484,35.6406914514261,0.0766159315669584,2675.30737582042,124.888516104744,149.050514200067,4.23785303073427,4.11605425737835,6.65847776445198,40.2241062075905,57.2302930241425,0.0019507559482008,6.91955500850659,0.0125448381043571,3.0,1.88115550647489,2.76415456046378
729.206375921505,39.2899402737501,45.0174213558299,0.163181431112702,2351.56193441796,137.331877868343,100.525237244785,5.47937239832322,3.96014880309183,7.3731393709772,41.6760503620248,20.4335060592119,0.0010815762909628,14.7262123492509,0.0059603913471863,3.0,1.98980296362964,2.81934974091118
752.690988209631,35.9128667678613,36.3862727518083,0.19250929505762,2775.30357346877,94.5469254560272,113.183721216979,4.34533656593495,3.87963231509419,3.97198727221949,50.1755536823111,50.0949811775072,0.0014290572104934,7.05985203368835,0.0089350009039983,3.0,1.94636784868832,2.77485752823374
695.789521862924,42.8961814279455,31.8241220609738,0.124163045705387,2328.77938000832,91.4387547020856,94.1530501373377,5.66311254827489,4.05274503765623,2.70240209856563,34.289750461585,50.4604252686988,0.0013665903825312,9.98145177014097,0.0085569202094224,3.0,1.95417620218358,2.77430936209695
609.10903165813,36.0112267612279,31.6821361222999,0.155145369718868,2336.38150318209,126.841807707746,120.624222715649,3.2440463419257,3.25451314225557,7.91983747100705,41.2281238726836,34.8256858826756,0.0013012358685955,10.0028953988032,0.0076390901334521,3.0,1.96234551642555,2.79776147117598
706.399783628751,44.4724857738385,49.7200212764574,0.163006727788841,2488.12979276545,30.8550931708269,127.714691592743,4.67521274920741,4.27266602774092,7.43812631056841,33.3359244691845,39.7050041716343,0.0006951504619792,5.17345891703455,0.004165776109716,3.0,2.0,2.79044249374254
305.676822383709,39.6866064199412,31.1260655136367,0.0678226874402107,2358.76312338855,104.397339275088,124.604487926542,4.75010629529147,5.88651764542362,4.24922347714222,38.5713625884558,54.7439651275784,0.0013195875799283,7.49218602663177,0.0084039243111012,2.52488546631145,1.96005155250895,2.32953007203643
411.797919259726,44.6322253944061,30.2430894937963,0.195481824006145,2321.57995597528,135.848604780749,102.77011090863,5.9788943883579,3.22138969420619,5.32312570640792,59.0790760685729,40.9239137668059,0.0020231187809258,14.8058828360693,0.0121854423678947,3.0,1.87211015238426,2.78861412934979
614.699319067631,41.9574868898461,39.0908212953554,0.144133712012609,2592.15715596155,137.150541363828,54.5446380341457,3.84288956877669,5.85123445222967,7.34158270334549,43.6697025835713,44.8053039120614,0.0015096681265546,36.9830145244256,0.0092393691131893,3.0,1.93629148418066,2.7827920441319
438.690591490566,36.8812115972376,39.2739680987996,0.103002834203907,2591.82805592543,30.105502805448,147.439480766616,5.9586322334388,5.09448514205923,5.21657819806472,39.2858284885898,52.5518007882779,0.0005761579898041,4.24504045822826,0.0036377434465898,2.2900560028467,2.0,2.11537991927656
642.365586276939,36.6261693934489,48.2185436898768,0.173380586438475,2774.89995664596,114.343536090486,111.341519593579,4.25472910887185,5.79818545006203,7.19638333700245,31.3565601031856,21.05467897989,0.0017593173542991,12.8667871659781,0.0097226333244585,2.52799180245966,1.9050853307126,2.37497918440438
488.231683439024,43.1055333078183,49.7455225862988,0.0725625336655292,2597.06535767606,69.5158113620327,146.99143978146,5.52635676940712,5.51498611413341,4.81215895876982,42.4445850701299,30.9362828772282,0.000756831432227,5.15176585074894,0.004369495943079,2.35409292087694,2.0,2.19997483257333
328.187748325463,43.6472237625505,46.2580201826015,0.199957650992919,2798.31841853695,92.2061217283415,126.898741518051,5.83429718964728,5.54894217203223,3.48408861045918,43.5163240593028,25.1663766060598,0.0022167432288184,8.3663162642293,0.0124784010174769,1.72755843264263,1.84790709639768,1.61944231794806
777.025513629361,41.0617463445088,34.5728561100692,0.150755102660878,2609.06412022894,66.5611533442692,61.3557592199629,5.01471958677839,4.56092310271138,6.63391035041383,45.6049050333598,54.0872600127416,0.0012623999287602,15.7762265801837,0.0080189934734742,3.0,1.96720000890496,2.76886910998088
575.953419387242,40.6093797153538,47.5330720531669,0.110522429931859,2367.00761422532,23.741747920734,125.513725567361,4.86092865406039,5.11223930429767,3.27778496905346,34.091144267603,20.5817866267152,0.0006138049066066,4.69367265220132,0.0033848545734886,2.77310171827201,2.0,2.60590893842858
475.293779403298,40.8991768685463,37.8448809019946,0.115621238303559,2752.07934724687,65.273210713029,101.398948915981,5.35095903822342,4.18962834696381,5.73252020136724,55.8709112624023,57.9808249463056,0.0013567665591835,7.88969090769657,0.0087504939049436,2.50003966164134,1.95540418010205,2.30256049756904
373.536740464518,44.2658762516149,39.8423258615907,0.0887366582448437,2529.56787811913,147.404234787112,99.2618093992869,3.98625483086252,4.90020256295017,3.44087371266915,32.2758998432599,25.1551888764259,0.0010905923554673,13.3458009025911,0.0061388131945611,2.33946749804702,1.98867595556657,2.19306924975285
364.022919478886,36.5190269351229,32.7765434529882,0.146131211720482,2390.94004219957,64.9367468321022,139.678840990601,4.42188492078861,5.00267321556308,3.03391922720977,35.7686705642601,21.6347446506591,0.0005917691159993,5.84392534719708,0.0032789149229165,2.40267585207219,2.0,2.25655142019964
384.467531536082,37.7859033903195,33.5402096855349,0.0633053800635583,2360.3179355503,79.9012398442543,70.6333718405792,4.09280958314422,4.51025181256457,6.14236897177619,31.1793641952329,51.9764159563617,0.0019731658976525,19.5263293697173,0.0124297817744448,2.59779884212329,1.87835426279343,2.40039676342255
613.950194745453,35.8175903194887,47.4715724821355,0.188130860079771,2330.53897992743,55.9940942591364,130.620127979306,5.24477907115097,3.55356305806913,3.25609594002026,41.1141630837414,39.3809194076408,0.0013180168978705,4.48820847454576,0.0078877024201764,2.78361076823921,1.96024788776618,2.58961965416412
609.127385765148,38.6891363956977,39.2506943226629,0.162120640720063,2318.34160144529,52.8168027647226,121.334958588455,5.68562051306159,4.53503232634699,5.19268091159189,33.2151603401932,37.8964946729381,0.0013758020964135,5.99592110944553,0.0081824624025117,3.0,1.9530247379483,2.79315525799059
566.308633227511,37.4247050363473,35.3848646189876,0.106592624465693,2310.03559888886,61.8702915258131,71.1448006996544,3.98249205653374,3.35928639545775,7.34316368443937,47.8077736066214,47.1640927657795,0.001736213542514,13.0830377885216,0.0107282411270783,3.0,1.90797330718574,2.77925386085133
694.585619303669,39.9844219892905,31.7384057617484,0.130565981272782,2593.42055901044,116.907131643962,93.1659546229679,3.38274090838669,3.85132771739617,4.17849377839181,49.377517239948,42.8311321867564,0.0007957178132042,14.2580035400489,0.0048306264370391,3.0,2.0,2.78575330171986
478.048362948923,44.8651524879298,42.1154963871377,0.0855840187603991,2350.8912363102,39.8716880939631,74.5957728384508,3.48204411977866,3.55970107215391,3.71057101216308,35.2012078588426,55.870616985057,0.0011531659973694,7.7497389117929,0.0073765323808276,2.74288228806548,1.98085425032882,2.5291149107864
340.116872830821,40.2451138957025,38.2079365397932,0.19735679253629,2356.01945108402,71.7212278759464,146.947043327536,5.59652137768194,5.45121621284783,3.54741696226963,35.1266276217019,46.7457287969772,0.0009870337089523,4.62316868401991,0.0060886587965658,2.12467779998112,2.0,1.96878410387263
764.687994563792,40.5676289301393,41.432253789398,0.0919968640490426,2684.74646659596,44.315687312478,82.3679236404243,4.27630931584925,4.52283113605336,3.45445839449048,33.4451047421761,44.4248016976653,0.0022371127270162,8.05081151341383,0.0136701458669065,3.0,1.84536090912297,2.7833627974535
444.315276620127,40.8123822142261,33.087254305484,0.122171015278222,2566.29471627579,26.7370597869155,83.660427819392,3.40324403081692,3.1901249114183,7.93976139433967,39.6706153492416,52.3949778341854,0.000354249658045,5.3832957718758,0.0022352708647513,2.77116352428435,2.0,2.56000782235524
427.320327381882,41.8150272222392,45.2045571977937,0.139345811091176,2535.78809427507,73.5393188391449,84.8868266542995,5.78858743274347,5.49185822336318,7.79016146399907,33.7289167045663,49.2346990081457,0.0005422751430428,11.2070942981085,0.0033788445513973,2.1959750925431,2.0,2.03211725156058
769.170228410518,36.8123306616566,31.3299253473355,0.161168097393508,2587.23655658995,129.437740978575,63.9772376626289,5.38580193557967,3.60488196014323,2.98193565719422,34.9279739379297,52.5829888092552,0.0009031415612015,25.4648775029984,0.0057029548711537,3.0,2.0,2.77112551678611
632.5986103481,40.2306542476911,37.17660968247,0.181580081121966,2496.22255371131,126.157927131305,93.9134908570218,4.13083328827472,4.38803935700882,3.80826724498485,52.4282814052875,40.1088156036991,0.000499764287432,19.5977819858891,0.0029999452784086,3.0,2.0,2.78983677659445
416.106347573408,43.9957457327456,37.6778244274642,0.131532929167098,2753.23605548227,101.150939468818,61.6898040708364,5.81949637084042,4.88312415921425,4.00943368794251,34.1781621799016,51.7610075708118,0.0026254747062921,22.4146331679398,0.0165248039351948,2.41276455197287,1.79681566171348,2.2296827622536
610.036377964256,40.3346109197632,47.8778516610191,0.168289581683679,2375.83743986637,60.5238688134212,74.8489139814465,5.23183887771803,3.10059730420733,5.41933810922789,52.8737605722207,55.0706254704699,0.0005717999359506,9.59134575796464,0.0036462341826724,2.8308202445196,2.0,2.61133171156354
471.040874357953,43.2125730467201,32.2126347391041,0.176967843760177,2363.74433116599,71.6473477728477,129.729536577955,3.44975228204632,3.68775418569792,6.33351541035839,51.6010960963822,45.6459053154118,0.0007261770078912,5.82710329936871,0.004459560213067,3.0,2.0,2.78153114202688
646.97422223355,40.4272444334759,35.035981178139,0.101854399025587,2390.79885840071,138.098572973371,108.339179476612,4.20255425029092,4.38601741093239,7.68370003767089,34.6005420934824,43.4491932806718,0.0003315441462078,14.3647123169633,0.0020178538732808,3.0,2.0,2.78482621007899
552.944339442233,41.1145423543464,30.3622036764168,0.180818586341622,2766.0591412418,93.4673138665971,119.665082387689,5.76749814353188,5.12171590294019,2.91523425748556,47.2886508050044,44.2686018553142,0.0014327003154903,8.3333330259518,0.0087490925735624,3.0,1.9459124605637,2.78359709721702
512.065335651193,42.3644423562472,48.6873402953802,0.188835276936016,2525.41968570206,34.7209459592981,148.484119896233,5.5166942593378,3.3739880436098,7.52505129570423,56.0968908618638,40.7535222850428,0.0004355820110703,4.82921783799324,0.0026216975852294,2.38699247478082,2.0,2.21900367553417
595.637717872464,38.9900270387013,31.0952327764406,0.100279586246885,2701.426724299,20.6021629905983,83.3499171691144,4.19450608077283,4.61218680881376,7.51913369847656,40.3903798309788,33.8781280758491,0.0017314543947577,4.76098763814794,0.0101237328173661,3.0,1.90856820065528,2.79918280788622
668.750624054874,39.522179408898,34.4920964587996,0.117865927419904,2370.4285101899,42.930308245809,99.8367772739479,4.25677634851364,5.7445377032043,4.17436339469979,47.4176505083413,45.2905715167812,0.000584864988923,5.5418714412344,0.0035865466848274,3.0,2.0,2.78206414272482
306.547228294166,41.6353737201671,33.560719337395,0.194160547620418,2374.33136387655,73.901136084513,58.5349668078643,5.99062275553784,4.50658503099372,5.57231010392026,32.0122943216528,49.9984188159671,0.0032875640317797,23.359708980122,0.0205471452425296,2.27018804973843,1.71405449602752,2.09992574080059
404.952796547792,43.9805428944071,34.1027928096401,0.0786031580995499,2318.27483392404,81.3687028642999,106.484113326261,3.19712591828505,5.32658285008503,4.71973300848816,45.7317080798274,37.6305098775291,0.0017433282307139,10.1055121721502,0.0103566994087109,2.91124715975805,1.90708397116076,2.71090894426954
500.381530437663,40.5964033130821,33.1048049186142,0.0772892195742906,2730.89281050675,142.995010077372,87.3309316279753,3.81223401943066,4.93199862971704,4.45240502658857,30.7615906698103,26.2461038946476,0.0022526942193508,22.7569138499751,0.0127415822598529,2.91382973572732,1.84341322258114,2.72989990995335
657.986114423698,41.5892394191015,30.5419198500696,0.0832958242899424,2415.53739829403,107.346056667834,51.9710537754364,3.31232574595372,5.39974825611956,3.071267972326,49.5823832355562,29.527311241869,0.0019764218013733,32.6069334040709,0.0113410695487259,3.0,1.87794727482832,2.80570903313719
349.720696379672,37.4317219099945,44.4453386371131,0.178354470215942,2715.10993228349,71.6338588503991,116.808513657064,3.61495288624746,3.87944319078304,7.37801491112671,30.390057705322,23.4203412341787,0.0016048247925937,7.55451349614109,0.0089637625695589,1.73558488831722,1.92439690092578,1.62848164873873
403.943127573013,35.2653220387382,33.6287087017959,0.137456234145453,2510.71227529624,136.047322440006,131.744356173844,4.02545205509362,3.77827030029387,4.2781544490036,47.7088482754442,30.722545632915,0.0006486396305263,12.5196325398518,0.0037413946688355,2.39894065347287,2.0,2.24214283895074
612.074453924567,39.0941165219124,41.0409436170396,0.115418979370297,2447.23287977095,143.29892990508,126.360579415976,3.42033952729935,5.60540392769373,4.92458718949708,56.8365668068227,51.9942102378926,0.000340939803643,8.75057396266125,0.002147871413942,2.97066899131583,2.0,2.7449067477092
512.606752234616,35.2246930832011,35.3735471876989,0.13124513219913,2616.73910991307,53.5253991063163,63.9356074072824,5.50479071039789,5.95320654211065,5.15414109381611,35.1503785754491,30.8922930607747,0.0018429793417453,15.6506102840387,0.0106382431569806,2.6266415525326,1.89462758228182,2.45473798460275
309.195338273733,44.1429880656049,32.3550216578028,0.136477471327138,2437.0276103436,92.0431403270531,115.142038835186,5.4892254111216,3.6192638152818,2.06597497195088,34.1065689020642,56.0007456739242,0.0009226023685187,8.49097982899323,0.0059046723575329,2.51488462665583,2.0,2.31872268813473
736.945038781257,40.974131021703,42.010337208673,0.149755501181938,2387.68563931172,138.873552970244,91.8770524892073,4.14941558474849,4.55675311584851,2.28179580065033,34.9885010626823,49.5213446570548,0.0003333724915943,16.0253945085253,0.0020795888093571,3.0,2.0,2.77571798301441
341.399333962563,41.0315210946638,34.9069821936264,0.108394342106296,2444.34686838535,66.2374531404433,121.904590518424,3.89136514686952,4.69921392089069,4.85630241319459,49.9101349608794,57.4731895729903,0.0006132543785497,7.28431518442428,0.0039474140216201,2.37606478519364,2.0,2.18898153501539
666.286048605125,37.1494037859075,30.6236627012256,0.0893396066449737,2597.53896535012,26.6853557529525,99.6366247201236,4.79052854675066,4.00273167245088,6.62547322247493,33.1979475940131,23.0055112694323,0.0007954218890517,4.82175055775962,0.0044345866260723,3.0,2.0,2.81549173309585
664.094378101801,39.9549131620619,43.7680479285547,0.115224100790561,2423.20101661955,126.483301297645,129.941587896897,5.08408941256328,3.81643541168988,5.54138400121452,40.8292169082008,23.6632829330653,0.0004604294596974,8.63023116300845,0.0025745291128759,3.0,2.0,2.8145050756004
758.656787731121,36.3681863091896,49.004747076416,0.116900865943693,2392.56646441931,90.4471231591865,137.29458358764,5.19667465922868,5.41968344358434,5.9527002002643,50.7682969355355,53.9678260626127,0.0001595007921883,6.29092235717563,0.0010127017361834,3.0,2.0,2.76904826090608
424.834004429592,39.8942496364314,34.424188836392,0.198150201199497,2772.0296698433,25.1254854779057,120.557517251568,5.77574495224699,3.541726035382,5.40767138331577,57.4646489276412,21.3578391434319,0.0012986646033823,5.1605992067847,0.0071867397594194,2.37400827393629,1.9626669245772,2.22995601681952
648.71013362342,37.9734900737255,48.4879239075306,0.195658736774805,2772.13324455671,81.6478481654703,136.204265098931,5.53364819560521,3.95730141972976,6.97349284490406,31.1102290414647,43.8507951392821,0.0013054918963462,5.48503765977926,0.0079586309242978,2.55837264691348,1.96181351295672,2.37436067715293
415.004418643851,36.2056688577727,31.5390640325841,0.15444331638172,2469.93748188403,114.219680298739,56.5356340798942,3.94587101349183,4.61847387712601,6.74433898903378,39.562575087962,45.0356550574803,0.0024691798869161,37.5510804601396,0.015125927776131,2.60933349655085,1.81635251413548,2.42011030008301
742.988874118093,41.158631881823,34.6591894950726,0.0536601172334807,2735.04943695046,22.7650234105503,137.470167268419,4.58681140208163,5.81720309553868,6.79269941464199,59.9380233160001,34.0284726180684,0.0008843136020004,4.05928696482582,0.0051738640397888,3.0,2.0,2.79895729107289
683.594144465563,39.0193091360924,39.5975124060781,0.144125819482755,2736.83855709316,147.930850995908,126.827341386451,4.253300346502,4.26407100683121,6.42549380953334,37.163314373049,24.4189645252557,0.0016382652102038,10.398567418121,0.0091914445522923,2.99850202843736,1.92021684872452,2.81196676968483
477.311078820388,37.8723899165408,35.9261624091198,0.0850411626574865,2321.04659481818,22.3236115153438,148.772238973603,4.28331940120758,4.15297994147904,6.07788369615841,36.5476166359519,57.998447358009,0.0012408467009663,5.05464135579761,0.0080034130564657,2.82039076944285,1.9698941623792,2.59758208818544
693.172507207776,35.8941100231225,38.3516155156985,0.181867746134324,2772.3660111457,80.762196462483,111.34113892107,3.50110183827622,5.97350587841092,3.39003020830066,58.2819532240537,45.9858659596947,0.0014011092716827,8.40601079942975,0.0086163269374762,2.93078132533284,1.94986134103965,2.71685500047423
603.868397439429,40.126885110165,34.6133962343551,0.0764792048008262,2410.24310453508,44.236974078753,127.958447356675,4.05037577750019,3.17352802969018,7.81461578084486,56.5135765489027,57.1100913278085,0.0002168788632843,5.05727440471269,0.0013940436086528,3.0,2.0,2.76433486300828
797.453911323217,36.7389524921948,37.9248403780531,0.163735771355613,2648.01030902689,40.0064678241811,131.583312499061,3.67332171550998,3.67145284446786,5.22184653736048,47.788198045251,43.2034483135124,0.0019635721109807,4.98061511972669,0.011938687710069,3.0,1.8795534861274,2.78519482752973
345.743418698877,43.7746086263038,35.3120008517741,0.0694272381924206,2744.37403993448,144.234694769867,136.212761726545,5.42854822417463,4.96572594191706,5.30514422365483,32.6096027973423,36.3381285228279,0.0015626915264874,9.81693789103213,0.0092330897707132,2.39312846436613,1.92966355918906,2.22999113629294
486.344258506156,37.5975378376032,44.4684022737717,0.124381360261815,2340.52310795382,48.6238162534754,118.325876365959,3.2283925784709,5.5536207421463,4.97087916208384,44.4175973197994,43.6963113863807,0.0012041346635669,4.64064084667203,0.0073360793980936,2.45233625630351,1.97448316705413,2.27614041914856
712.340482962574,38.4780920790219,43.5603230511812,0.134859794599368,2433.51413508471,134.22189822617,129.742602160692,4.97535550397527,5.55174518728272,7.20376520575881,51.250889301451,53.4805331345468,0.0003459147373687,9.39460551984104,0.0021920663011833,3.0,2.0,2.76977920029818
648.735730834641,41.801407717603,42.3722275643036,0.162907495933646,2379.30255264653,134.51319869586,137.184352774523,3.08774184910367,5.47745025169428,2.77321920484067,40.0535656277742,49.7403302516643,0.0003982476773671,8.69598215874579,0.0024864626616909,3.0,2.0,2.7753895046225
380.379948024154,43.1796702411906,46.6426835591548,0.126120160064125,2303.19293585841,57.3149573127386,111.692691837574,5.94355853408227,4.89544058105,3.55882148638495,49.0201710929883,41.5994151886342,0.0015354382339864,5.434338449661,0.0092740244847351,2.17956400963614,1.93307022075168,2.02525151507081
689.922697575571,36.0698063882695,45.2205580500405,0.131189986801416,2781.49600192949,64.4433815850291,113.262189313394,5.79608431653005,3.30752918397203,7.6233709234187,50.6365716690244,22.7134823642068,0.0015251805749478,6.62427021554417,0.0084919569270217,2.73508994530471,1.93435242813152,2.56727373942088
450.481783473408,42.0817208864528,31.3470120293754,0.137325569026441,2472.94152847647,100.719017309772,54.5742033812512,5.61461041845712,5.92046690753219,7.81326713171414,52.4895549522877,25.2034496052252,0.0028984083328396,35.5622817293029,0.0163182888730002,3.0,1.76269895839504,2.81219482559216
679.131597964511,35.245869164588,30.4424710305799,0.0985415328724312,2544.32159520233,120.152964315013,118.32953766065,4.33770811913024,3.82087999884499,7.98274700094626,42.7854390670791,38.055480973187,0.0005525165813493,11.4969139561447,0.0032882400129696,3.0,2.0,2.79291677854022
381.811910595834,42.9480954874992,43.8736445156297,0.083115441918314,2341.19052280792,108.464909269712,115.451121428113,3.81977858099462,5.85259068675123,2.9063473506854,42.970044031278,57.7446368067039,0.0013798972358927,8.12072525702396,0.0088915277973935,2.27412092523917,1.95251284551341,2.09475573553598
509.863658463061,41.3852594766408,37.9518879592558,0.0911322803523005,2791.98882397991,73.2134208209555,139.409920367913,3.68986381767325,3.63931411207525,2.18680449730706,49.5500047612765,34.7410537489504,0.001565164886415,5.1931477331901,0.0091852113681978,2.62627121502139,1.92935438919812,2.44933793955013
732.179124919818,39.7320990669155,49.3638685582944,0.0778288273554681,2734.3115839778,120.957590862926,127.092184464405,5.53434968435066,5.28307197282899,5.75732192978849,33.9373463304716,21.30104717965,0.0015864528249949,8.35865372198473,0.0087770917868122,2.95910853625819,1.92669339687563,2.77963705417501
760.423923907843,41.1665031452073,45.9307458195235,0.122228352726882,2358.65409448119,36.2741529863315,118.556528722897,4.29091768469838,3.60157418010101,4.94956728044862,31.926268112254,43.2788560765759,0.0008562605944462,5.19035770662634,0.005207752448008,3.0,2.0,2.78508171588513
434.496702217548,42.9755910063718,36.2072391784714,0.11828302236227,2305.81026995405,29.4180954132926,89.2493556406684,4.43981650415137,4.80006164435791,3.74997547225581,50.8494565837962,54.4048958875681,0.0014039687812328,5.02144722201385,0.0089294132904733,2.8013400402332,1.94950390234589,2.58506973160426
689.925494446675,35.3961882534835,39.6101389451565,0.0657395267627262,2421.02250793126,148.266137124729,64.2495542901513,4.49666446035406,4.85446720295435,6.21478982326462,46.7894605046074,20.3908338967673,0.0014608073609068,29.3181070695087,0.0080487138108198,3.0,1.94239907988664,2.81941374915484
463.230654121996,40.1771164338471,31.7573299828966,0.102594039681377,2316.60155439568,30.2152046301526,89.6923276201596,3.39814726212918,4.70262254478467,6.13678981482359,54.0176009732724,28.0060097697924,0.0015034802306787,5.41825560867616,0.0085700632041209,3.0,1.93706497116515,2.80799098534531
383.741291129534,36.045678403344,42.7286049908727,0.155971358973035,2315.79307241282,141.707592011679,55.1971283651472,4.62388900590321,5.12718155835274,7.22581474247651,51.4226079639728,52.0691233227916,0.003722311463207,34.8537883847496,0.0234569946816242,2.07705751173762,1.65971106709912,1.91912935428714
469.725096271403,43.1482511374651,31.6022969276935,0.184222498409079,2573.79618807686,126.248710095124,95.23182845183,4.93073308558957,4.57920798280834,6.38953713053199,32.4488994609176,22.4140833596225,0.0007767348317864,12.5879673189991,0.004318919140632,2.97966699965892,2.0,2.79729039741883
423.551617005073,36.5954468011318,47.435671331844,0.0828820981037066,2787.93262790956,63.7964529302438,68.2117915688699,5.36909552142743,4.97612332650262,4.98917429871883,46.6609065281289,48.7680711308905,0.0025193747133016,16.9857340970876,0.0156684996970998,1.92065391996171,1.81007816083729,1.77778793047036
414.227370665649,44.9633391605674,49.4958632429356,0.14754885295204,2399.77122546457,108.429671516067,57.2198408979175,3.09195750661741,3.77304866553364,4.77573774043589,56.0481751622514,49.0867627906523,0.0031399435829371,25.8526629355353,0.0195529595604772,2.21176679814592,1.73250705213285,2.04689422215421
671.35326059999,39.2549333444807,36.9186998509392,0.10565581444769,2793.82478186802,25.2141948836227,136.703149612244,4.73602622571718,4.31584625756877,6.35154596249081,44.600068242741,54.9369295232664,0.0013784606101979,5.9784460407047,0.0087855128858158,3.0,1.95269242372525,2.7675946057151
750.350932005629,39.2172092687345,35.536555944701,0.138852549289004,2756.18167280834,47.3860845707366,112.296658356348,4.89468066027756,5.19933906724584,2.78940611076355,51.4747489404626,56.3613008266256,0.001154150115326,5.4989646927706,0.0073969856228546,3.0,1.98073123558424,2.76545804876006
389.841554435121,37.3754332492387,49.4279018808327,0.0771465429064234,2727.19254668478,83.9961213382445,74.7231074403177,5.61224970381753,4.33591576500799,5.08890412357814,40.7770010819929,43.7180340573971,0.002084816340357,14.3895759522334,0.012702683496064,1.83255756959418,1.86439795745536,1.70087178399464
381.761936292511,38.9108153665176,49.3882464467057,0.0887200149051691,2628.36833227064,62.2747083492103,127.34731256866,3.39262098215504,5.90946313523563,4.72273724830183,37.0815139003939,22.9398698932005,0.0017954506911337,6.21267183921252,0.0100069385870253,1.87919272723484,1.90056866360828,1.76367887253959
384.87895254377,40.1977394855601,36.7400635286257,0.174332504882391,2515.4437618309,52.3328554363918,111.714498660403,5.12033165065633,3.50112572370284,3.0057152977299,31.1001428080062,49.4560806026256,0.0004986363928765,6.44667182160759,0.0031096970053201,2.29036522380384,2.0,2.1192107190547
631.902263810902,39.7463087574981,46.8834089793839,0.170850522942508,2592.67718219837,132.875266466723,70.5841210036768,3.33575885819318,3.80924883455096,2.34252113653588,45.9350858400309,57.4642276917984,0.0009704488892382,21.5380360305013,0.0062463968445523,2.72047073169263,2.0,2.50628232033057
319.671770334254,36.2210991401002,39.0439805656687,0.190081252629185,2458.07805248837,85.940525129491,54.1572859050392,3.44502960288626,5.95989036887654,7.79071217861627,30.1481994280322,58.0724714169295,0.0028192870765959,28.1136611775244,0.0181895095872732,1.86047716116198,1.7725891154255,1.71343204972216
619.55996890775,43.6791829452002,39.0947971126771,0.127339404286887,2544.42329012846,106.692353480993,63.9651254756312,3.08992076961803,3.92378982477357,6.22808457641988,36.0556035636884,46.9372973329966,0.0007367350621396,23.1030271075318,0.0045481841273807,3.0,2.0,2.7795940540005
784.956023053635,35.9390071578941,43.4520423645025,0.116562532895685,2734.07112718875,43.0294726281601,119.262595222616,5.51434586894433,5.83384265842206,6.09948816973787,44.9152429202528,44.7138896080485,0.0011120099807158,4.6875617889238,0.0068031071915984,3.0,1.98599875241052,2.78292916558792
734.452492239359,40.7060974663883,30.6077411939367,0.189642304326046,2644.76337551578,107.946740151042,71.5675152397717,4.97665641069797,4.18159321696247,5.90739786224895,33.1977909092397,46.3138121841214,0.0024374425411224,18.7823973647501,0.0150093941070904,3.0,1.82031968235969,2.78052928172381
799.706862885333,35.4821203886055,49.5434836844263,0.11103619410843,2735.37672516862,121.710112927575,106.701626098666,5.21534762775398,5.63554668390404,4.42484192990619,39.8109948468971,46.7037354225433,0.0016094482271,12.7136963905204,0.0099264222398694,3.0,1.92381897161249,2.77994439686618
703.922970970629,42.6228513477661,45.9562729771726,0.115337497221939,2708.91710808751,35.6271771981791,104.448909796084,3.01727598149436,3.97375748970081,4.19876920922838,41.8851807482776,47.8186882675944,0.0014655553968623,4.82373139703838,0.0090798004008478,2.99602863328622,1.9418055753922,2.77459412199396
494.279050635172,39.4869362262253,34.7508826174865,0.105987768744401,2413.63481363157,29.5154700898976,110.344859338137,5.00463839566504,4.85847103802884,4.78096426280343,41.3935734053769,54.533345982873,0.0002283106281449,6.12038734343408,0.0014528167026294,2.91900102359864,2.0,2.69345952604657
559.540892568109,39.7918187762973,30.5128413161287,0.101187174143923,2490.09780939292,71.846961516597,108.017236922733,4.60080764018063,4.82371527838033,6.58929956925277,54.3895721614828,48.7249230490597,0.0005021529505029,7.41760106517017,0.0031224488493175,3.0,2.0,2.77691261542641
777.761847977467,35.1823258267636,33.9155597136709,0.0511344312467213,2623.7373570773,136.743971363498,74.3482296576299,5.78110363438892,3.18080217086868,7.60661616083308,40.548680617189,24.0568331379686,0.0020662173628807,21.8333686489853,0.0115737529725434,3.0,1.86672282963991,2.81391475029304
542.935879593162,37.567765677205,35.6974580392384,0.0960934947389429,2701.51294891633,90.090965967783,81.1307699156003,4.83100134993275,5.14845202266958,3.6357440044012,42.4064730457605,24.8754437334779,0.0023632089141756,16.145629267283,0.0132856913302538,2.76905778896849,1.82959888572804,2.59616412890795
390.57467476734,41.8111785396498,33.6287669539125,0.128774507550059,2654.52313086121,33.8940000023167,106.73122196289,3.76968835110409,5.88878062571273,4.90127388031954,54.1797764932547,42.0090616862504,0.0020536123774945,4.70476554637705,0.0124248201136182,2.52686606522028,1.86829845281317,2.3474471257559
321.706266427409,41.3315137559402,49.0280668441331,0.140241773021949,2709.59442971339,134.946840235293,72.8079771948932,3.63613451972468,4.83294296655297,4.46617081884022,55.1958390860016,56.0009249359204,0.0024174524005502,21.8517961134163,0.0154717512632356,1.67528491420755,1.82281844993121,1.54461191613376
476.710689651359,37.3687055897448,45.6105103048772,0.0912209053322204,2711.30715925683,75.0859729743391,116.754989929147,3.286605941504,4.87157797402971,4.71060607242337,47.5982538952642,26.7205683097945,0.0016865847865119,7.79137527374294,0.0095595865325161,2.17330333941505,1.914176901686,2.03560222227492
668.436872472091,43.6279707754322,34.3347960018155,0.0643571833280242,2311.81929302316,103.456295057624,110.709403608878,4.64009223814221,3.69584128834792,4.34543597543308,47.8342900555851,39.8706743543667,0.0014954129115212,7.6935697682101,0.0089676425881207,3.0,1.93807338605984,2.79019398846844
793.892760107443,36.3643975255673,43.9028910809518,0.110647815215643,2514.0998074628,113.287709535562,119.243615132436,5.97376798110656,3.38518286836237,2.62465789630499,51.7301645138622,43.1354766802563,0.0004765802886685,9.41097371590027,0.0028968393915459,3.0,2.0,2.78529678497961
437.080333279902,35.7941936898898,31.7131649919286,0.184128631199617,2395.93366235937,62.0383030750177,72.6656402226988,4.06498891749581,3.20827152823828,5.11435874544962,32.0283769077664,52.0142603128944,0.0009861188009381,12.3744861964451,0.0062129000049765,2.68475048677973,2.0,2.48069030709348
416.856040955216,40.4001191460451,47.6015817512291,0.147631605357079,2566.47889327566,62.1633879049988,83.3001913058198,5.00846086559457,5.9824180836635,5.97103513909627,46.7335025211007,49.2260204095698,0.0005206542469866,9.99169948604148,0.0032440146496458,2.04781945437616,2.0,1.89502548052923
532.602806141859,35.6014234260078,41.2459363175582,0.193643792675807,2387.65147117883,109.700635806686,70.0933688659056,4.60748305341924,3.29002934894015,4.70222561754911,52.6848998668573,33.9028609695592,0.0015016541583463,19.9821834005138,0.0087810300956012,2.56967577033756,1.9372932302067,2.39763230163138
632.455862243609,42.9544996078972,48.543556389589,0.085196312278318,2499.65795790465,39.8140817329542,149.248350215837,5.78100290377288,4.61987139084167,7.05219976625852,45.6287393181612,44.9434275201103,0.0006316119561814,5.27119490342237,0.0038677299352444,2.91823616339797,2.0,2.70674658747995
344.562216058008,42.552704204968,32.5542696727047,0.173910144537879,2691.01404383519,112.136810706586,53.6160380524762,3.90938506783598,3.78933770973252,4.16081844482911,32.6292824029151,57.4783129212425,0.0033469262998551,32.1276840286576,0.0215440234289607,2.38698538127793,1.70663421251811,2.19903616587227
576.901120356188,38.0552431065802,37.9396303414856,0.117080381075725,2600.2971666803,87.0383256005447,141.939197321441,4.49089044871749,5.97647404446993,7.10854974647057,36.25531543072,57.2238085857566,0.0008111317874863,5.431908154938,0.0052160601910554,2.82995947159157,2.0,2.60749096845809
358.183198942738,43.1744970849119,37.6124658695316,0.18169614806676,2734.02834505372,124.77030201529,129.003043630706,3.91403741729412,3.24275784915375,4.41788107259096,35.2057354495952,47.7980435560984,0.0014357900945469,10.1360089863264,0.0088946494096491,2.14744533330259,1.94552623818162,1.98875122384969
473.049863268892,44.7561020085991,42.8194415469066,0.173372084545154,2366.26233637092,132.06188269544,142.275719051339,4.4611857564568,4.81875881325293,6.58885880541797,35.2451588178123,40.1026430585376,0.0007345755914182,6.44958215265459,0.004409338525645,2.58765759749283,2.0,2.4063887631232
499.331513886156,36.4637399216224,37.3506884458306,0.060225846407824,2312.90595347474,37.5716175901269,146.311511158917,4.64858860768505,5.89746648345966,4.59498726998079,39.3544839925577,40.2456745136097,0.0012461635051295,5.03784679268592,0.0074846347961021,2.81125568489147,1.96922956185881,2.61412246001255
519.755844316455,36.0566468426174,42.8165262938041,0.0824057273764399,2609.79397744891,104.526142011759,65.2024853128648,3.184048881332,5.34228475820531,4.75880254261592,31.7449138651642,59.7946526867906,0.0015945230843499,18.8324634660685,0.010356214272494,2.41772206199407,1.92568461445625,2.2245525333993
328.890280498183,41.9503522885855,49.6735785052682,0.0858770156323888,2371.12468434359,35.7800421249157,80.3275147567595,3.30313743303194,5.07648402508239,2.37375078878037,45.2826638444936,59.867874154119,0.0010892330901697,6.31430487318202,0.0070764171900182,1.89158834739043,1.98884586372878,1.74038624345442
706.985134753009,41.1521943823101,36.1250724157322,0.143584375443745,2563.52073195582,75.3908399057483,63.0710376740199,5.6598126457214,4.34935394646396,3.16773507092459,41.0327805263186,36.565190101157,0.0006058405164865,20.4992581472473,0.0035830194238408,3.0,2.0,2.79515221484826
713.768947783437,42.336143805614,45.3860978728268,0.051654689664297,2508.07699908988,82.574739712592,51.9192276823056,3.7794396262351,5.2808694693664,2.82265823437399,46.0593039435777,28.6080748806895,0.0010702155766132,26.5926455706227,0.0061164980669222,3.0,1.99122305292334,2.80708788767896
306.060387321946,37.4120145759954,49.517475098201,0.170230566782448,2779.78832216051,83.4210257104271,60.9736198677503,4.64387846692107,4.36313200367988,7.06614249643769,32.9424774235273,39.5296454808711,0.003387362929061,22.8751158823075,0.0202843460378259,1.48877295276901,1.70157963386736,1.38490897161833
375.024332346992,38.2467592689006,44.747141547756,0.121402719405315,2487.94414257288,71.2819162141046,95.9446768405986,5.35504963151117,5.6762540668207,7.73200811902357,53.6071015876588,32.6162758299205,0.0011138278059661,8.95589702307638,0.0064773619034913,1.97920694833426,1.98577152425423,1.84796942104186
644.067353043271,39.3760312405539,35.093412440921,0.176130736913888,2319.21317448116,137.229058977605,96.1477464624734,4.91160443042484,4.97806176661734,7.37070644423921,49.1000904650162,44.5573433904024,0.0015596583351713,15.7614699247949,0.0095356474761549,3.0,1.93004270810358,2.78316398491439
333.326020280345,40.184080219452,33.0033800163408,0.160615065308222,2556.11096040633,108.429611297085,54.1672900602384,3.2543760481374,5.14897016418804,2.43250601599204,32.1377018329577,20.4843390093954,0.003510354369278,34.0888646930839,0.0193494540699754,2.30403676391789,1.68620570384024,2.16523659064089
778.25069914974,42.37508359459,37.0650281700412,0.0944803371931483,2474.85161487292,120.704959053553,116.137061107041,3.5555867036024,3.52232800600225,2.59037389828038,49.8090815910401,50.5749064888694,0.0003962022601626,9.03502764328945,0.0024819586072735,3.0,2.0,2.77413764026669
432.523214162502,35.2094496103091,31.6434333495285,0.195179005226754,2447.72238873871,119.999009218957,112.466356885426,4.14581891895868,3.61706178658666,2.72831850895643,48.450389041166,50.9853512255115,0.0006201703217811,11.9516804894758,0.0038913416507972,2.60201241754645,2.0,2.40557953816825
621.952126770565,40.3030213324915,30.8390244686327,0.195273316639157,2699.35709582728,58.0668647711254,147.997032935885,4.80564476890896,4.74726797462174,6.48843907657719,54.3530936427041,46.2591442932601,0.001431492739357,5.54055831783922,0.008812954426402,3.0,1.94606340758036,2.78061128356011
364.0478731831,38.3826750599449,48.561672806521,0.0836923417765778,2486.08351191875,76.1699947827454,93.9404989694452,4.83881874748357,5.82922751323412,3.44415627099502,33.6450412890275,27.8988195943974,0.0012676571495831,10.121685784287,0.0072224392010096,1.89434312551989,1.96654285630211,1.77320100068951
743.462450104634,41.458108126552,35.7181357847832,0.172392040845292,2730.68499818171,130.046864029736,141.892653363955,3.75672306052008,5.26512578623883,4.76323698364484,55.2599565867018,49.1396270864645,0.0013066467363387,6.53189658855593,0.0081384370156294,3.0,1.96166915795765,2.7762905593703
688.223723249862,41.5616183768107,33.5485753893941,0.13175403783454,2792.33486976225,141.860448644625,54.3173735797011,3.49444444718831,3.39518632036368,6.35587945991177,54.5335598957083,28.5404546524268,0.0034810905344784,42.9137365051574,0.0198892503358989,3.0,1.68986368319019,2.80718931802136
552.926346475914,43.407030280112,44.656030895325,0.131335580823777,2595.17384522938,86.0868710991164,79.754845131882,4.69506597857704,5.06665590615027,7.23993749516484,49.0887406193774,50.4448614817263,0.0009145884505612,14.4441827752086,0.0057263494453401,2.64159597350713,2.0,2.44288870334464
380.035817477286,39.6155747441979,30.1866323965418,0.0870018296782434,2663.2308575565,148.935293675417,59.9178099587215,4.20448294758386,5.40021290609747,3.22421380777339,46.6525484790685,49.3228518411869,0.0035617924568751,38.1479398916931,0.0222009063253635,2.69363119410543,1.6797759428906,2.49252084824933
607.992725130089,36.8802473461541,37.1076913737147,0.167568767672809,2577.113257066,20.6798497605786,126.099076002809,3.10593406482071,5.23720134819369,3.21488336099142,58.7422044035814,34.7176300520833,0.0003945779709301,4.28075561453914,0.0023153601551873,2.90819493416551,2.0,2.71230236953538
463.465808169039,36.4888805033244,36.1120843098042,0.18149761427423,2798.16716881362,67.8802389658902,94.8610630954542,5.16621281460821,5.65858734139522,5.5582660051207,41.7457709453348,36.5048736339449,0.0020181224681437,8.17229681458176,0.0119323949826537,2.30740157708297,1.87273469148203,2.14991579673173
647.809073248403,35.0321826360427,42.3917867491968,0.103323951566203,2697.09866563854,32.0887831770071,108.820226694839,4.44291866965837,4.92697657771568,2.38912156689781,47.3995136228439,42.4593835183809,0.0015986990183591,5.01201193805884,0.0096904894605702,2.73742742444024,1.9251626227051,2.54244131278421
580.330047208085,41.0348766659645,43.5293587445272,0.170748349952115,2434.9103600641,127.256423323408,99.8255682263453,3.23117483740299,3.17565278773193,4.00542991217636,53.546909313344,48.3072373896366,0.0005802413000912,12.1907920309065,0.003601952856126,2.78706229873944,2.0,2.58039154376001
694.307482336203,40.172690564416,38.8039799591098,0.0721178790059426,2464.09637680465,76.4225176026037,58.8600429679617,3.66183585813363,4.79467588219121,6.41397868543513,59.9504253417884,57.3245332537423,0.0007250695316697,19.1646755484874,0.0046644544703357,3.0,2.0,2.76401320011938
621.282599767595,39.2124805329407,42.7235472941646,0.167847742712034,2359.16809546169,73.2876356605174,133.980228563561,4.15149885579913,4.71561681368156,5.52661616517318,35.5342875940091,34.4894176660915,0.0008346656104549,5.47578439169805,0.0048930063235375,2.97936049865145,2.0,2.77901426941095
467.255644370966,35.2619670853206,30.4838352778271,0.174754556551366,2436.5354049864,87.350239611046,79.8725573588773,5.82203773534602,3.77789027659732,4.57794087643361,56.181907514538,53.6773426716723,0.0007649104809388,12.3729315001076,0.0048510114546569,2.85435096641445,2.0,2.635026430629
393.050708923138,43.0264330979571,39.1637377347578,0.122445330812803,2366.73998620797,30.4781967884262,122.793930697376,4.48938345706589,4.31055210784553,6.37704937191438,52.9653869697332,26.3563267067741,0.0007043777732178,4.59046228445478,0.0039860091339872,2.44613547686722,2.0,2.29159313012519
605.11257473882,36.3535408227768,45.0275017205809,0.14854327344007,2778.30731054172,28.9645421263347,55.7054721151254,3.8465612240796,3.78511705120771,3.48187279443199,57.1876374156311,29.9818479939802,0.0021385992877185,10.9088247734652,0.0122959754077029,2.47622698193112,1.85767508903518,2.31529470234913
435.974863064315,42.5939826241796,38.9947968490108,0.166506583543277,2332.68307878219,83.3842551775399,53.3613600183282,3.18795961036606,5.71931236003323,2.83547222670557,45.9726204682565,36.4438241040282,0.0033530821092426,31.3717990980318,0.0198203889111034,2.56963079280359,1.70586473634466,2.39432566685079
473.671663129421,43.9983334568727,30.4364679355097,0.149568452926338,2781.69721710677,92.8218638500394,143.682246203309,3.15677363785807,4.25637995722248,3.5609467457723,51.9246289494218,59.2518836198898,0.0013999015147597,5.05869492939413,0.0090731776145949,3.0,1.95001231065503,2.76112217457016
428.265031222123,41.5417460147407,33.9619526551948,0.134799538185741,2531.96624334416,146.360692852099,110.852727269646,4.04851911626045,3.3422873546638,2.9074809724096,36.759507898537,30.0386664536119,0.0006690726149827,14.9775729681891,0.0038478143027814,2.6886459383524,2.0,2.51383197215777
725.308028920568,40.6122278828252,40.4678182274873,0.0672153307803826,2730.06984667471,113.965859417102,56.7668361900001,5.1235052916893,4.63061465202793,2.49035207448066,43.7490192458596,39.3878514852018,0.0026552500203251,33.186510997159,0.0158908649380421,3.0,1.79309374745935,2.79091822277219
382.887270081637,44.4569814700028,46.9995074296132,0.150353350599366,2531.1477805003,73.5295204059861,115.097346715095,4.63629560822071,3.18681931764565,5.07501589262199,54.1921085169851,38.3695951038783,0.0004686932370532,7.92476228077462,0.0027930554286076,2.06558055384159,2.0,1.92267378139684
325.978288777134,42.8627819938403,34.0272756427194,0.0887931252332058,2382.35317671614,62.9279584332946,125.675150568863,4.55815757851181,3.61464382245213,7.26698046891224,56.3874556485458,54.8231370018402,0.000641118036583,5.7679741639462,0.0040842927317639,2.50557127166578,2.0,2.31161106953529
419.398105690769,39.5123934418098,49.6997931228175,0.165801871446498,2313.58371061278,28.4765968638639,96.3931376812332,5.72766061758468,4.61610539385814,4.98687504820574,33.1642109986989,46.2712041889717,0.0014290465041995,4.70520001405578,0.0087983250857813,2.14429092113258,1.94636918697506,1.98746691354981
711.051580300112,38.8042000750756,45.5122370185065,0.194671498085121,2401.88322956384,88.0328520553163,78.7137958084575,5.37856325710151,4.73278009764347,5.80749450530182,53.9374247884768,35.8388189064982,0.0005594546523223,16.1484933490726,0.003298528110886,3.0,2.0,2.79624177164025
757.545034203521,40.3302886724614,33.1590964567069,0.15438486772532,2696.63067521912,61.1790180187784,135.717925699875,5.7184297642973,3.83071346213342,7.90112883629133,34.2213458414627,28.0806267360996,0.0017040709499269,5.44185380218782,0.0097166392565531,3.0,1.91199113125912,2.80787905989585
392.112419619013,43.9398971000787,43.0858510464992,0.0728156424833409,2520.16170918417,99.9887432590742,58.3464084989383,5.64724910522201,5.4108106063246,5.03124064145983,59.0137984577751,36.7104391710039,0.0020628853235393,30.5052258877011,0.0122076622723606,2.27993394447391,1.86713933455757,2.12408855905896
792.055159518249,41.6791999880362,42.6934254650788,0.0748932342943677,2740.96387915232,75.5736594296799,66.2233405782479,3.03782255992727,4.67926705091514,5.16439773273605,51.5806086710747,55.610322120712,0.0018905266188085,16.156673930318,0.0120809529502855,3.0,1.88868417264893,2.76658451681893
339.703292321514,42.3149649034036,33.7482388819516,0.178726557973574,2709.53175693082,90.3031881481207,121.024279862331,3.94305033955124,4.41350369679844,6.92982138626283,43.7779559151964,34.3119306130176,0.0016431929543614,6.54942127760087,0.0096254928376534,2.27186896284435,1.91960088070482,2.11929940959464
547.106223625149,43.2824925243721,36.7041609474174,0.0760642389703615,2656.00701016539,127.37716765205,60.0637478523533,3.71962233826783,3.42591596928298,4.087648469493,43.5105293671623,49.9530534785322,0.0028878073208034,30.0904562831695,0.0180454064423117,2.99304122554856,1.76402408489957,2.76863339006949
625.573792440837,41.2092856747843,37.047498932193,0.176217132962714,2535.64358369908,147.28364194197,113.414213829573,3.3787942246935,5.0285326862263,3.95062409259019,50.5898159005829,22.7856459264962,0.0003745699068531,11.9762663274143,0.0020862199660726,3.0,2.0,2.81582153111025
387.440718587979,43.5573725890578,34.5435911404703,0.175556168786441,2439.6380442272,103.574648307632,119.415057350983,4.53796425943515,3.91593203009019,3.27586625822657,30.9956806368727,32.1578560496289,0.0008237204747274,9.56332944282096,0.0047808294849226,2.58297198520911,2.0,2.41229196530836
626.581395265641,44.3830481844848,47.424089645261,0.164909716480295,2694.22367162664,106.448037451879,76.0286857566003,5.72158509211749,5.0121969357175,5.36264378588263,33.3296840764044,37.882221752257,0.0024564135819673,19.0404938089077,0.0146084280105203,2.73357816902792,1.81794830225408,2.54512225338841
530.179135600963,43.6456360952267,40.9329644037557,0.107060082345561,2788.40016425533,34.393677132421,92.2548428311944,3.12607402551421,5.21971236230079,7.5084593131949,38.4011198865146,54.3336670719648,0.0015661108773201,5.74966128980586,0.0099578680617532,2.61365896177414,1.92923614033497,2.41197117575109
446.109115230948,44.1077016164391,45.0792380719356,0.170736016526215,2309.00327780022,145.165346419623,122.667099207032,3.9142532861584,5.48818399457654,3.68912719048958,56.1826151869838,24.5032156164774,0.001876097288914,12.2187783357481,0.0105297468542638,2.4428329811099,1.89048783888574,2.29076270042881
651.842988730397,40.4069847664491,31.9306894039088,0.0862840742388258,2306.20201813865,80.9398355103857,80.126526076,4.79507245289327,3.89171342312585,3.7995146690419,52.2957959619481,21.9257134391341,0.0018367114016959,12.8773748609635,0.0101903372050791,3.0,1.895411074788,2.81711142984129
751.447497595993,43.5226387439118,43.3560936645281,0.138983235516107,2746.15124906982,44.0929233387328,57.8969162190828,3.71853050972861,5.38373483610057,2.2080216003589,47.4842050525046,59.8175006476524,0.0017494587227702,13.0657101483817,0.0113634998209097,3.0,1.90631765965372,2.76027374902852
727.848046918769,40.2144568904359,31.2728181857328,0.174706027157856,2599.4892540886,34.9412896177436,59.3857284823356,5.72888045830977,5.00760078881423,6.97572079590053,56.369367008468,42.8708940819328,0.0009312229672312,10.4187857734623,0.0056541738660272,3.0,2.0,2.7856936588771
558.72317587752,39.3042741032099,36.3389317558223,0.115189394128806,2686.93982786507,98.2500460319671,139.252328995484,4.33014004313756,4.82126873615626,5.78784531855193,47.7509148691897,48.1053509234206,0.0018571552354842,6.41486745054039,0.0115192537854771,2.83495559990274,1.89285559556446,2.62501955291478
418.716734187403,40.1236377754579,32.0844960561669,0.107676699146721,2543.83353431063,104.789153740911,145.05310525862,4.80195319964506,5.23078174852968,5.03759635697121,49.0231209412899,22.8372886453509,0.000280989552841,7.03317492458836,0.001565373752319,2.75302341145528,2.0,2.58393644573511
427.195790420923,38.6185309320513,39.4498671001302,0.0568473118253575,2370.01204877665,55.9858600128697,147.153269090105,3.99404102130915,4.44612317433624,3.17658627643035,48.323402132273,31.2273286206389,0.0006092647354432,5.63461474760283,0.0035219664299824,2.47596007690159,2.0,2.31350326357002
403.496289219213,40.1657262844597,30.1101159832084,0.0511496048973838,2409.53440455092,24.7737771251067,60.8025754130691,4.01658194801625,5.40775703873943,5.4322918602158,45.3800317786924,31.7395529283248,0.0011062193661928,9.69160434274489,0.0064088695340544,3.0,1.98672257922589,2.80239067060751
765.876859716408,38.9701504123719,31.7418553359154,0.14255997741767,2356.9191967383,64.8790085642199,100.74119387178,5.62266757405552,4.48063974102035,6.21355259618998,59.7845051699721,25.2595647959192,0.0009612509747967,8.27695145590189,0.005413274406059,3.0,2.0,2.81211065280612
437.365762759759,38.9457607559764,38.4365635707766,0.111653161289831,2753.80550127827,112.824243780691,110.79052140907,3.92811815358834,5.47137115266388,7.73036306890993,54.6359484765068,20.0626042076589,0.0018092938698828,10.0364808286327,0.0099539480195841,2.29002896512251,1.89883826626464,2.15255554449072
618.200685091703,35.511353814421,35.1521444066744,0.0589287050521657,2601.89772647469,109.256688754038,61.4487638065905,4.15151664913493,4.36870952686662,4.21431813056549,33.6307500145557,36.757911607499,0.0014276776928454,27.1495192390343,0.0084503497251676,3.0,1.94654028839431,2.79486313258875
675.589023904209,35.7100766453325,31.603600281638,0.103215693775397,2770.86285580946,106.914444073978,117.866995667256,4.08575997251359,4.78098237362561,2.06078710416646,49.0828813922862,56.5314779030494,0.0013732917141169,7.25288908624765,0.0088073138253607,3.0,1.95333853573538,2.76520278314542
606.286734172409,43.7369859346634,44.4794611093218,0.0680837624605535,2751.22665364292,28.6376997662507,103.396747254776,3.42641137138037,3.03511983219271,4.53220556076583,38.8512212296246,39.4400197519041,0.001146419905126,4.98463759403107,0.0068624701181842,2.78035183359883,1.98169751185923,2.58650567630169
588.599943367275,35.4373907230894,32.4600659024749,0.133796359467563,2471.58367658632,114.792553381428,115.229164859193,5.53681308896972,5.07747848000767,4.57958646434088,50.1889986718329,31.0152469702167,0.000466011755634,11.7474114938091,0.0026913955204708,3.0,2.0,2.80347712954467
453.156749389106,42.8898515992079,38.9283903280316,0.169757051077752,2711.21118683413,131.483103895966,141.66352358412,4.29295566153988,3.95660045496341,5.49319247956468,41.1351727031288,44.0429666720093,0.0015456904657185,6.81737856463991,0.0094303721702646,2.40715498596079,1.93178869178518,2.23378811325223
652.792931321912,41.8840501849213,37.4910577404024,0.0750290302548129,2515.2646692311,38.5372387306481,139.00970351838,4.03763238221357,3.46337924166997,2.1526865594345,49.3746715885945,45.4760926981897,0.0004363101773129,4.62139923096692,0.0026775929382807,3.0,2.0,2.78178586095271
492.797576724562,35.9865848419703,38.1203728088487,0.13119890406724,2229.0418060841,340.142861281983,57.0786870256477,6.46470458309974,5.40446004697283,3.83229031118418,40.617534828874,88.7963940864797,0.0030436946544796,64.0300360792595,0.0219752010228502,2.73754462478624,1.74453816819004,2.22070607097577
272.72998688284,31.8340450985343,41.0848448591907,0.204951286326447,2415.97250932105,192.467822135655,32.1148543395999,4.16491656079216,5.44741157888951,1.55797544260816,48.7643394560565,64.6544737317476,0.0070206548444642,98.3108349674517,0.046451192827848,1.53409631622352,1.37876070933214,1.28150049462192
279.869512863343,35.1423443841361,46.8482913772408,0.109290082543999,2503.77242595071,307.035192278602,50.9965572197102,3.68209649474916,3.26020637194111,4.79554214901333,68.9689609922367,82.3358939246584,0.0033916947431862,73.4443223581985,0.0239399291809262,1.53929835095046,1.70103815710172,1.25862901011315
473.693210604862,34.401524937396,37.4407646968955,0.199035382022254,2217.1942605576,169.534422801276,42.6807882085899,6.63728160831512,4.03511992640006,3.65008913741592,49.3513322826823,70.8027208471124,0.0037514004341277,56.6846177404591,0.0253972361137211,2.59623037484126,1.65607494573402,2.15278716287245
587.833851105823,37.7513282336111,53.7899788312837,0.278965470085529,2498.94998940554,186.970891105105,37.3856509524761,6.68749694009246,3.35397000820767,1.78393144967658,41.3568186673161,63.0132132305305,0.0031342962756752,97.8236137595678,0.0206090333670461,2.50490506489713,1.73321296554058,2.09657244143081
531.495003660771,33.5675332669359,40.6186901937476,0.208539216631649,2270.46211248738,204.269806354779,43.7464067317386,6.20878792301615,3.29820257471908,4.94754774640206,63.1673430788997,57.9486272613668,0.0041328702651878,72.7815396600455,0.0266517052888629,2.62438187065797,1.60839121685152,2.20986435677792
482.742937539046,37.2900716804098,50.4254069337189,0.114808930346818,2379.23286427213,313.092285690966,79.9180176182298,3.46347623810051,6.45241370350237,3.49319250731023,49.9269407455794,52.5423340114409,0.0024698693305253,31.8363797292541,0.0155936641358539,2.31210097289727,1.81626633368432,2.13575433345934
491.842471335225,36.3755747135521,52.7442548515265,0.194442985032389,2259.79712296915,215.036664405349,47.8077619780452,5.85297914889198,6.04314019446759,3.24510879027798,63.1290153986368,69.7518238545756,0.0035201880533905,74.9217137240648,0.0237394286928296,2.36985253878999,1.68497649332618,1.96756574806399
210.167650697638,31.078914269933,35.6285837137346,0.227282082252756,2357.17799053816,235.508203671709,42.6345672529808,5.03428276465881,6.63026589570437,1.9971689165955,52.3114876910688,80.2220455417219,0.0051069857386772,68.6487166064411,0.0357772497561132,1.44967127743979,1.49358085567936,1.18840855445651
315.900581165507,31.61221287254,53.5939530468514,0.261624075912883,2516.70187825521,165.395981965758,45.1343791226101,6.48584236075087,6.21468830759645,1.74628023554414,66.7767699546993,71.573689676626,0.0033445646986365,53.0519318351194,0.0227073943892728,1.45125534668751,1.70692941267043,1.2022581121934
327.201389988745,31.1005192452767,39.5587032508388,0.185421557725251,2609.00738296124,329.218259984698,42.5542006085345,6.44292233302537,3.02780852212476,3.04298921031026,52.5223300944633,58.8843124188292,0.0058099060694363,111.587536478731,0.0376023384500999,1.67972039418305,1.45140563583382,1.14595795441173
577.163881565007,33.2320293202075,45.3758124348673,0.240603791779035,2381.81480118964,217.523034280725,57.8744939462378,6.88712833088384,6.84978917976844,2.00712918330145,54.9174551767715,62.0351323926707,0.0022869037929922,53.9313020058338,0.0149812284541505,2.54968688411036,1.83913702587597,2.13654803228368
443.825733591958,35.0267902322886,36.0295750249997,0.155729292847322,2654.13294298332,157.377389470906,41.8337799110687,3.95824756266788,3.57957948836489,2.95781104111025,69.569513623318,59.68221086046,0.0044886660762131,53.1504363833616,0.0291406682621342,2.30669120296568,1.56391674047335,1.93835365190374
295.055017596959,37.2821634861186,42.355662654385,0.226461166118715,2516.76485538044,302.323923065743,43.9700261584371,5.14309873629903,3.36115908021763,4.34120998235695,49.623401949152,57.4607404159941,0.0057369883611093,87.7841183857791,0.0369262317802288,1.64607372558228,1.45578069833343,1.38688173797278
471.025744736912,30.1658782892785,45.2418611659856,0.145299155039587,2522.58639520472,268.178588637648,70.6040866819843,3.69746571601996,5.76375095240986,2.54694138520214,68.101899662102,55.5008377658397,0.0014249928062781,45.4217608477302,0.0091021713953591,2.0788116660235,1.94687589921522,1.91718318821148
569.877447311425,38.7733935338098,40.1588325543031,0.231996809206835,2608.6111001006,172.694704248117,41.7803525166847,5.22080324639785,5.11860231342402,1.9674091636018,42.7930830341769,85.888630318133,0.0022848409134894,43.4009024638083,0.0163302509813083,2.61364839689307,1.83939488581381,2.37072463657725
335.61191641948,33.4920957461266,49.5191135774047,0.279422051990515,2643.54321213255,276.620291454653,37.2019774715149,6.11950218343049,5.56812658461715,1.33655985998019,44.8488614228384,85.9421675410831,0.0048381553675857,95.0384105423138,0.0345858158177,1.4989586615901,1.52023057905177,1.22023903899956
240.588617146412,36.6350176910805,35.1012316769243,0.132161610283499,2474.36689468329,151.839410323325,32.4258614901273,5.76758079077077,5.6078450380104,1.89707723784223,61.365376640426,59.489963499872,0.0068555755281286,85.8212765640992,0.0444738260891179,1.79602787271767,1.38866546831228,1.50957945285318
459.853159618885,38.4922341049417,48.1522578460068,0.213661720667094,2246.83738391404,299.298281023604,55.7206780611992,4.47086321223773,4.0608094707269,1.97595857351633,69.1903166425733,65.7239089866704,0.0036123278490404,52.7811906654023,0.0239970469147106,2.30919674863972,1.67345901886994,1.92650763683583
517.924521416659,35.0263709310519,46.5380776925271,0.198503538763772,2297.62149389902,276.227725199452,37.3296109477989,5.88980846104602,4.12308944976342,1.09726386572581,59.364168877215,57.0844271762819,0.0057315216399729,127.28989269991,0.0368371239415225,2.45001109823232,1.45610870160162,1.68029391834961
565.945756088179,33.7015870025544,35.3091323305773,0.285663712517545,2414.09207415865,340.785715400517,40.4968459400013,6.86661927617467,6.85447990835701,4.41203782186944,48.8334667620875,65.403909144077,0.0054361321963369,115.938186498396,0.0360692683882953,2.78375618045085,1.47383206821978,1.86286787174974
267.797098674437,35.5680126245835,53.7230954832156,0.239205959334994,2485.03058504468,213.384401031255,33.4915530944322,3.38870597508307,5.46002890679667,4.96021540041705,44.2025204570957,70.7331860945494,0.0062853511358491,72.5745105015079,0.042541328468286,1.35886283708826,1.42287893184904,1.1268598554467
478.806296398107,37.024840839871,42.1898230243951,0.158718368852898,2604.68057773925,298.15372355084,39.0673416536252,6.24045357871672,6.46828927432041,4.65296221022588,55.3402719658281,70.0606517874879,0.0048768066044732,114.651586996976,0.0329258392561389,2.26912182812772,1.51539917444085,1.49734515397448
480.786750903081,37.957926694361,52.8001068363513,0.167599031370307,2387.79147631997,279.992786155553,39.4344899091911,3.37592775936347,5.31312056398469,1.14376909518696,53.9679405439738,71.705785388303,0.0054994607344269,103.952310110339,0.0373558824514903,2.26874019770684,1.47003235593438,1.4896285627283
212.200099975619,30.3734818874921,51.4520112131931,0.172038128282252,2263.53025632594,268.166652113802,54.526795740306,5.08897304021921,6.07997421239444,1.86328410998737,58.68671427457,53.4138985997507,0.0043187398456073,59.5312763985425,0.0273607175328359,1.20363916591672,1.58515751929908,1.01898418896608
416.254048644042,36.374299014982,49.5218266744532,0.295170415892506,2458.15017415059,256.270926313629,68.0748753648824,4.29182589176498,6.18074477907481,2.08332900504829,53.169142621169,53.1382552536906,0.002724727615714,44.0561284726797,0.0172433198670852,1.89963386010342,1.78440904803574,1.75418055262489
534.392048204882,36.9597420609369,43.1790588882854,0.134658864014169,2278.21852133554,342.529682935585,81.4018070595963,4.00097159265838,5.19690665882448,3.85838369080024,59.8059213015319,61.1973558778377,0.0024306110572069,40.7314377253827,0.0158717295327475,2.6904950681881,1.82117361784912,2.47364472269096
421.74162100456,36.1172074623435,43.3920012485558,0.149546197900231,2377.98633932563,297.579383339153,37.5838474112204,6.03138444185747,3.05757395451902,1.46429056202766,41.3800792606525,51.6291520927588,0.0069339662092997,107.523180095279,0.0436197009471484,2.16533765224846,1.38396202744201,1.50868102783854
389.66953163493,30.97834160651,44.8323175023366,0.194694354156113,2286.600934955,290.731571876004,39.0070473920891,4.73540659695189,4.59401893758949,3.46340039220886,59.0528095260293,51.8121603908817,0.005584368482232,113.551550847269,0.0351552972982403,1.93394929959025,1.46493789106607,1.34675525707579
401.254503432035,38.5648984118832,48.1738726323789,0.132586885416285,2235.28437370021,275.171983142847,51.3358282943118,5.56967711282526,3.10604524216648,3.34310232509385,68.2069072427487,73.0189671150351,0.0038914063479751,69.1232025616703,0.0265606935437265,2.15319979760818,1.6385742065031,1.78065539263371
383.301156196606,35.4561678931593,53.8292961755305,0.177220527560154,2680.59528191195,278.65764368847,51.1148187429227,6.62140256782425,3.78316453915718,1.27744520350066,43.0233400413228,50.7288730260619,0.0046464251354336,69.0733215627495,0.0291248234451813,1.70311395401706,1.54419685807079,1.44640550709311
228.475459384091,33.1897563029376,51.897506219389,0.104654387147165,2607.23424129446,286.601354683271,68.3780300979192,4.1274190990936,3.47265931048662,3.7869486614566,58.8682854033965,85.0988805410821,0.0032920716330409,39.065210341799,0.0234641484310253,1.22577949213731,1.71349104586988,1.11233428624489
312.813829028522,31.7743954377972,50.0122950328171,0.261366947853452,2695.25257100033,310.696186076969,42.9955520289262,4.6504707076457,4.48807234317113,4.10565184296798,50.2241062075905,87.2302930241425,0.004382508341223,82.7267810985139,0.0314697288757557,1.38492612070964,1.57718645734712,1.1256259973123801
500.348427116598,37.5454287408468,37.0624773767186,0.280510581335913,2452.62618622392,235.798805475003,35.0764921414609,6.30582986443096,4.28019840412244,4.5820929139848,51.6760503620248,50.4335060592119,0.0056965784169733,125.531622369591,0.0356653526375968,2.53386555482156,1.45820529498159,1.7715089962326
327.725455036165,39.500619670508,54.0121429387511,0.214687577624657,2515.9186060849,168.257335357226,28.9435124488236,4.79378208791327,4.17284308679225,2.31465818147966,60.1755536823111,80.0949811775072,0.0059950484553859,114.489998728332,0.0419795746067389,1.6337717473174,1.44029709267684,1.04530356315446
236.482441219476,34.9442030470258,36.1511752003328,0.209905776464747,2420.76525068668,307.92362855891,41.5028318988921,6.5508167310332,4.40366005020831,1.46826806571042,44.289750461585,80.4604252686988,0.0057624723863867,98.9363606459013,0.0404036364021287,1.6267447358309,1.45425165681679,1.33318168899924
233.642722445998,37.0096913145912,36.4552601272838,0.264372011858071,2553.12111357824,170.224535224558,34.0828507880537,3.32539512256759,3.33935085634076,4.9465583140047,51.2281238726836,64.8256858826756,0.0068710025080043,90.9381096462698,0.0454904487970958,1.56391413419802,1.38773984951973,1.30614091436722
594.400425529148,37.5337818525894,42.5251917106183,0.116700143339733,2588.57345796371,339.449715476771,43.0886570129202,5.23361699894322,4.6968880369879,4.62541754037894,43.3359244691845,69.7050041716343,0.0036529616150839,108.523228285621,0.0246305506908758,2.69781863286813,1.6683797981145,1.78215198817773
222.521310272734,31.1881791626807,37.3505249355421,0.229842060423212,2573.02243963271,243.732128398825,69.9567464162099,5.33347506038863,6.84869019389816,2.49948231809481,48.5713625884558,84.7439651275784,0.0026116175577044,37.7331198554731,0.0185910584694391,1.37250214086918,1.79854780528694,1.24572139704405
204.861789875926,39.6987882670763,35.8631982390115,0.278228622739614,2463.85055454315,342.644507888122,65.2848701962806,6.9718591844772,3.29518625894159,3.21541713760528,69.0790760685729,70.9239137668059,0.0039739152416586,61.1214465244174,0.0269157167561933,1.57270574502142,1.62826059479266,1.30389272387882
381.816425907109,36.2755808008406,46.686286238462,0.280231602098197,2222.72319017072,289.149737796923,44.1170438732809,4.12385275836892,6.80164593630623,4.56105513556366,53.6697025835713,74.8053039120614,0.0044874921441078,93.3056431407292,0.0308296660616134,1.95978222507448,1.56406348198652,1.61720189761888
385.479361975992,33.5335222802605,46.6731222370174,0.115546927392996,2687.19740383308,187.624231944752,45.9791209037632,6.94484297791841,5.79264685607898,3.14438546537648,49.2858284885898,82.5518007882779,0.0035266656587085,63.8450866206297,0.0249116433161572,1.77353379269,1.68416679266142,1.44977200507558
564.370873797537,38.2253724292316,53.9959982658384,0.245143901677672,2506.70759796789,182.523387868978,33.9139489987034,4.67297214516247,6.73091393341605,4.46425555800163,41.3565601031856,51.05467897989,0.0043185048691795,84.5161887307973,0.0271045213401243,2.44290561607975,1.58518689135255,2.07389329246465
594.910451725977,31.5041689110352,46.8826143070427,0.176178171326204,2684.9571989073,312.110666156366,54.5933376836722,6.36847569254283,6.35331481884455,2.87477263917988,52.4445850701299,60.9362828772282,0.0038020596839487,71.7205211107175,0.0248023830301739,2.35904802044422,1.6497425395064,1.97939160090504
525.160403652031,39.9971767328613,54.9327367414781,0.211086341120525,2584.49370759025,322.94447525101,75.9737560255136,6.77906291952971,6.39858956270964,1.98939240697279,53.5163240593028,55.1663766060598,0.0013775295017667,46.570934327587,0.0087874802908441,2.29994912883655,1.95280881227916,2.12151174248664
291.457122201385,36.7170068440585,47.3625648091579,0.171632543606568,2256.77879609981,271.234926890176,35.8955242358039,5.68629278237119,5.08123080361517,4.08927356694255,55.6049050333598,84.0872600127416,0.0051995939582777,108.132962319236,0.0369284600196485,1.66968203372958,1.48802436250333,1.05494765236602
550.661441063338,34.0348286621239,37.6803045690128,0.105756535262667,2577.5686278368,262.187594307077,44.1205293421132,5.48123820541385,5.81631907239689,1.85185664603564,44.091144267603,50.5817866267152,0.003930353826752,97.3604027434101,0.0246218770995669,2.65766950754475,1.63370577165599,2.25747288483532
356.897618039892,34.3747492202372,53.0831738898749,0.16965109340466,2456.9947445799,267.983537370926,51.6434305468888,6.13461205096457,4.58617112928508,3.48834680091149,65.8709112624023,87.9808249463056,0.0033806927161777,59.0509550801572,0.0243393669323712,1.71146583362102,1.70241341047777,1.38974307434953
396.846517231815,32.5824438829895,44.1827151247652,0.296006515057095,2446.30904699643,335.317525032298,69.7583727672066,4.31500644115003,5.5336034172669,1.96058247511277,42.2758998432599,55.1551888764259,0.0032559207174926,64.2365842282553,0.0207691266409629,1.84153928843866,1.71800991031341,1.5558149123176
255.530869059764,36.4087474480321,38.6376016879828,0.169133456664772,2648.394204953,180.380538702458,52.2278976143437,4.89584656105148,5.6702309540841,1.68927948480651,45.7686705642601,51.6347446506591,0.0042140798098549,50.8964715652349,0.0265102224222588,1.60681652823382,1.59824002376812,1.36316731427462
270.804193710698,30.8870253375705,37.412717422012,0.192155753606545,2303.16685920289,205.718067806391,53.4013777387395,4.4570794441923,5.01366908341942,3.76157931451746,41.1793641952329,81.9764159563617,0.0038352205883711,52.4514831318491,0.0270360438977736,1.66664262799153,1.6455974264536,1.36335297586954
549.431449642711,39.2087240053181,36.2215591970972,0.15537552962944,2603.10063989653,166.351806389774,33.4931780842697,5.99303876153463,3.7380840774255,1.83739729334684,51.1141630837414,69.3809194076408,0.0042181304322974,87.3172410108032,0.028407096350841,2.82132375901343,1.59773369596281,2.34344534676511
385.013886453259,37.4747093813375,35.7336640578119,0.150487388868804,2556.67479294227,223.782727913954,39.0776361095364,6.58082735074879,5.04670976846266,3.12845394106126,43.2151603401932,67.8964946729381,0.0046733491131412,86.9695479171954,0.0312993461448353,2.25440126063222,1.54083136085734,1.87589519138582
307.697292379752,33.7728416310462,35.4014239555545,0.164415833116635,2305.72400349827,198.494100726945,38.882288960147,4.30998940871165,3.479048527277,4.56210912295958,57.8077736066214,77.1640927657795,0.0045411642640829,72.2582685179347,0.0314661918338729,1.98663406265202,1.55735446698963,1.63467384128468
234.768115234969,35.3710654181854,46.7368223604175,0.249087894836866,2415.82977311484,249.688439785811,37.4209083540165,3.51032121118225,4.13510362319489,2.45232918559454,59.377517239948,72.8311321867564,0.0066021844876971,107.872894608469,0.0450320367171065,1.32872777441073,1.40386893073816,0.869436723171939
442.309927742754,32.3722679173599,37.035649452408,0.130571827836866,2322.97886419225,347.303049758595,58.5304229484847,3.64272549303822,3.74626809620522,2.14038067477538,45.2012078588426,85.870616985057,0.0034447330981492,57.5318618829159,0.0246186994029196,2.41251024979641,1.69440836273133,1.96409548118398
364.158730795864,39.823786169086,37.240778043361,0.179571119809148,2684.73521663768,254.90227791405,65.5708287028511,6.46202850357592,6.26828828379711,2.03161130817975,45.1266276217019,76.7457287969772,0.0030631395056843,42.7608055740043,0.0211927693726858,2.09580499034776,1.74210756178945,1.91059270013008
428.64507578796,32.7997909366028,50.3898586638387,0.137408749711504,2361.83961820212,261.352578602786,35.6539137349211,4.70174575446566,5.03044151473782,1.96963892966032,43.4451047421761,74.4248016976653,0.0058409902267158,116.402919998541,0.0400728146171121,2.02942886562527,1.44954058639705,1.32146341073286
261.74508610968,34.8114010185481,45.6517886510317,0.110364707364485,2368.30213909696,266.247644284522,54.2320388383914,3.53765870775589,3.25349988189107,4.95984092955978,49.6706153492416,82.3949778341854,0.0044186073539322,49.8170790866602,0.0311948131442913,1.54374142649673,1.57267408075847,1.40295608486294
504.091143955874,35.9563874060784,44.4315237710031,0.182368182829453,2374.43413327149,286.300544444785,57.9721731154754,6.7181165769913,6.32247763115091,4.86010764266605,43.7289167045663,79.2346990081457,0.0028250087052583,57.1474742409042,0.0197210113877053,2.40876397308851,1.7718739118427,1.97702988739032
226.59850694671,37.4112064929005,46.4894622635982,0.268365755351654,2269.88618831314,186.246613233132,29.968530336209,6.18106924743956,3.80650928019097,1.65462377146281,44.9279739379297,82.5829888092552,0.007024584755247,104.771496112083,0.0496257038820412,1.38040028157432,1.37852491468517,0.876325063248367
343.532193649401,38.772005408131,42.8489021484527,0.263319887894315,2419.5674542851,254.613084953823,40.5171632265672,4.50777771769963,4.85071914267842,2.20551149665656,62.4282814052875,70.1088156036991,0.0054525908314212,86.0218025666797,0.0368198212861694,1.84739693145719,1.47284455011472,1.53313842749709
353.556488549284,35.4355286111398,53.1294422192909,0.224847599182798,2258.44902035418,329.914914654913,63.5398201382143,6.7593284944539,5.51083221228567,2.33962245862834,44.1781621799016,81.7610075708118,0.0030546573923214,42.1036245858938,0.0215170836161029,1.79894394040411,1.74316782595982,1.63545500881848
557.557033220383,37.8859721122453,38.033497594655,0.162344413559109,2324.24456990723,256.692218395264,41.8056346257884,5.9757851702907,3.13412973894311,3.27955873948526,62.8737605722207,85.0706254704699,0.003935060929507,84.5297024428317,0.0280442570109743,2.93277296485527,1.63311738381162,2.39000283788662
244.252694782082,38.4645229173451,37.5497732466396,0.179457458112073,2598.64768288977,314.251460934402,56.3131557962599,3.59966970939509,3.91700558093056,3.88901027357226,61.6010960963822,75.6459053154119,0.0040792320687855,67.5343535625319,0.0281105904148015,1.67421544462991,1.6150959914018,1.38014635716484
300.719623562781,33.4569599350391,38.6319543360285,0.281690112266725,2491.69589738306,258.544888669519,40.1481804666304,4.60340566705456,4.84802321457653,4.78913335844726,44.6005420934824,73.4491932806718,0.004567835453664,78.2332511456555,0.0312267729960822,1.64500036073607,1.55402056829199,1.35967637521998
207.244073528336,38.7212390894415,53.6423656496722,0.213026636717841,2548.32541193844,272.290847086929,46.3713078249531,6.68999752470918,5.82895453725359,1.61015617165704,57.2886508050044,74.2686018553142,0.0053093760158776,77.5224899358624,0.0364048784149727,1.18797983519995,1.48143743904733,0.980952250287348
573.746805907605,39.2556851290677,44.0167874280826,0.122647609168151,2692.42059948116,297.288847124944,51.3703879918339,6.35559234578373,3.49865072481306,4.68336753046948,66.0968908618638,70.7535222850428,0.0036352714523673,81.1570922632293,0.0246065637547677,2.55328018229886,1.67059106845408,2.11729859779073
221.904655528812,33.351972416459,51.0570689719602,0.10092640460092,2366.74958584557,229.800540774026,40.2721922065469,4.59267477436377,5.14958241175169,4.67942246565104,50.3903798309788,63.8781280758491,0.0064657393699214,80.6202698450672,0.0426541800390301,1.2928135572862,1.41205563780471,1.08094969156706
289.841929175992,34.5243951613269,37.817140407596,0.135277397301244,2449.18388636974,240.443588177961,37.7722978674281,4.67570179801819,6.6593836042724,2.44957559646653,57.4176505083413,75.2905715167812,0.0053293379023671,93.5455080988584,0.0366779119237171,1.80413591563398,1.48023972585797,1.48788789988855
271.2143867479,39.6107031746945,37.9732545550622,0.182924824745404,2242.67483403932,282.707474403342,75.1664344235674,6.98749700738378,5.00878004132497,3.38154006928017,42.0122943216528,79.9984188159671,0.0028147425536145,40.6151153742116,0.0197030866096525,1.92532402806128,1.77315718079817,1.75204638768157
282.055856192802,31.9068772066366,35.7309933569618,0.194413389021999,2482.4205666313,329.610857888142,64.880236002443,3.2628345577134,6.10211046678004,2.81315533899211,55.7317080798274,67.6305098775291,0.0037465333007276,55.65801473605,0.0250671654386717,1.71521299582388,1.65668333740904,1.42769096678536
262.096098372285,31.8192813049527,52.2357124202703,0.289223092426726,2386.65465813987,261.928066261643,49.0778426285667,4.08297869257421,5.57599817295606,2.63493668439238,40.7615906698103,56.2461038946476,0.0057167039365535,60.6076985082117,0.036622077771526,1.30509573838696,1.45699776380678,1.10117961405449
210.838397001393,32.2197216193294,39.6214959317614,0.234378548719745,2209.85526887718,281.78478838203,41.3887320917402,3.41643432793829,6.19966434149275,1.71417864821733,59.5823832355562,59.527311241869,0.007017654454893,100.711817369981,0.0455318247975727,1.40776799509347,1.37894073270641,0.958613108874235
488.906772742263,38.5569646810628,51.6043972913398,0.17943670592369,2534.04256828532,198.63443819989,56.5974390149343,3.81993718166328,4.17259092104405,4.58534327408448,40.390057705322,53.4203412341787,0.0018805111063119,52.7898350303257,0.0119139941564059,2.2017767372023,1.889936111711,1.86397939885924
272.574174035918,35.8304156096969,43.4284910118499,0.278534342215394,2608.72178086922,155.306440774763,44.6230842482347,4.3672694067915,4.03769373372517,2.51876963266906,57.7088482754442,60.722545632915,0.0044172754924883,49.4394723053876,0.0287920827790863,1.43922435770794,1.57284056343895,1.32356645645408
420.818872340792,34.3612652913531,40.8893151908383,0.289690661392431,2581.80289707988,231.882330438248,39.6345827812539,3.56045270306581,6.47387190359165,2.94972479299805,66.8365668068227,81.9942102378926,0.0037736370705524,98.3625137082974,0.0266035951358719,1.95983498421858,1.65329536618094,1.60315636406913
307.470943753978,35.4163421466086,47.6695643965229,0.15157753708664,2269.67803703641,154.493861664023,37.0022734183993,6.33972094719719,6.9376087228142,3.10276072921074,45.1503785754491,60.8922930607747,0.0047167403378131,68.3246659986435,0.0307640300626079,1.70534027807962,1.53540745777335,1.43096417029049
247.100433156056,35.7651647551425,40.4811044137441,0.210835600503158,2525.71019417593,332.859761312099,80.9860445178589,6.3189672148288,3.82568508704241,1.04398331463392,44.1065689020642,86.0007456739242,0.0020706434734165,40.3720011024309,0.0148051394355495,1.50751724425148,1.86616956582292,1.36731757847794
440.206744173461,36.6503667454625,38.5074255724689,0.282882389184992,2409.38526244603,269.482620434061,37.2063843668473,4.53255411299799,5.07567082113135,1.18786386710022,44.9885010626823,79.5213446570548,0.0055898688733577,91.5696448625238,0.0390621915984395,2.2633547932957,1.46460786759853,1.85703429736726
298.139643872528,33.8929561404197,40.773874735414,0.171134543292989,2559.52295259212,270.630421893277,67.3582880232145,4.1884868624927,5.26561856118758,2.90420160879639,59.9101349608794,87.4731895729903,0.0019265961526233,30.987914028689,0.013846118525342,1.64603770971917,1.88417548092208,1.49174373991994
212.473254024513,32.6226404429982,46.9015586140051,0.11028516269685,2448.18312360061,192.988075718151,33.9334043527282,5.38737139566755,4.33697556326784,4.08364881498328,43.1979475940131,53.0055112694323,0.0082106734882563,104.144865497303,0.0519336410940664,1.27176117589054,1.30735959070462,0.88258823803105
475.360958571094,34.3482733860374,39.9280406647821,0.263820463534839,2599.70793948448,249.098263241239,38.6468933613772,5.7787858834177,4.08858054891985,3.36092266747634,50.8292169082008,53.6632829330653,0.0052957866608064,103.136364324027,0.0335836657523326,2.17904112734571,1.48225280035161,1.50936390079749
580.094941528321,34.4600577295795,38.7026585767723,0.208380189475671,2636.4729179382,177.363726183792,29.5436749997023,5.92889954563824,6.22624459144579,3.63513346684286,60.7682969355355,83.9678260626127,0.0046357326209545,112.10973574283,0.0329099728644997,2.59318031872124,1.54553342238068,1.63905682707424
288.48377672784,39.8766800799664,53.8811867937322,0.107885362273701,2552.78758625784,247.884992728628,54.189327652406,6.70099326966266,3.72230138050933,3.27178092221051,67.4646489276412,51.3578391434319,0.0043764964500581,66.2323063032293,0.0275016672676379,1.55188178212482,1.57793794374273,1.31699230897635
569.758478150612,39.7105824516536,53.8853297822686,0.194842843331492,2631.0213254946502,209.46980147451,36.0652480682841,6.37819759414028,4.27640189297302,4.3156618966027,41.1102290414647,73.8507951392821,0.0043615098111331,79.6566774109162,0.0298600732446648,2.41963166268666,1.57981127360835,1.9989767741844
230.781280651683,36.9628877587814,41.7974992753613,0.244953354305752,2232.67817039947,174.113377155455,46.2555584988703,4.26116135132244,5.15796516950134,4.16289265935585,49.562575087962,75.0356550574803,0.0037941063762716,51.2500321100992,0.0260878633138907,1.5191303601178,1.65073670296604,1.25322838241687
293.183789901453,30.2440078155653,52.4019774780185,0.104253882170077,2637.3508363421,273.17263763646,37.2346306701091,5.11574853610884,6.75627079405158,4.19513294309466,69.9380233160001,64.0284726180684,0.0062149512908824,107.210857341274,0.0410231024181848,1.37891230076403,1.42710292254705,0.92655054362685
391.950248121563,36.2750546321837,52.4735422837267,0.296816693839859,2584.13670693225,230.386182721848,36.3743023018583,4.67106712866933,4.68542800910828,3.95032920635556,47.163314373049,54.4189645252557,0.0061624107149522,100.528752669796,0.0391958538269374,1.72993677322994,1.43025535710286,1.19566668279728
318.523248182396,32.3360775104991,35.8418637927272,0.103574786946682,2693.86119486801,207.447798330816,45.2895614341397,4.71109253494344,4.53730658863872,3.71858913077228,46.5476166359519,87.998447358009,0.0037896286230534,63.7495312711934,0.0272851789875714,1.84365355334354,1.65129642211832,1.49704954784888
367.032310313971,38.7911830756216,53.8946404458282,0.193480302249973,2506.70569460535,167.882200462451,30.7308641029992,3.6681357843683,6.9646745045479,1.92668680553377,68.2819532240537,75.9858659596947,0.0051324273582458,116.684506492612,0.0354119352235176,1.77906500676063,1.49205435850525,1.15288441513391
292.267924687103,31.765280320055,39.4097241814035,0.13728765242885,2589.79223678337,252.537702203301,41.7838624116572,4.40050103666692,3.23137070625358,4.87641052056324,66.5135765489027,87.1100913278085,0.0041813646500901,87.3316454039684,0.0300127996640565,1.62730686523409,1.60232941873872,1.32282132906177
358.496807561063,37.5823847570409,48.9204123610758,0.130779181267971,2607.9165624953,184.779049843897,29.0665856332738,3.89776228734664,3.89527045929049,3.14789769157365,57.788198045251,73.2034483135124,0.0066552554948329,112.914179713254,0.0454559687648956,1.7619026886853,1.40068467031002,1.15156744613901
306.240017035482,31.295149212828,52.7749615973795,0.29113029964595,2631.06380863272,325.492172526076,73.1207968190034,6.23806429889951,5.62096792255608,3.20342948243655,42.6096027973423,66.3381285228279,0.0036477905232459,47.9422559282537,0.0242886425301157,1.3536823400709,1.66902618459425,1.24109784654
489.368045475434,34.9587573507877,36.6209243181529,0.144036640389962,2541.62938182979,201.950756752065,44.0454293178865,3.3045234379612,6.40482765619507,2.98058610805589,54.4175973197994,73.6963113863807,0.0022845837233892,62.0088472839978,0.0156320534536253,2.51330656729366,1.83942703457633,2.07675448717158
471.206461023625,35.6573196399579,40.3405654033884,0.275725997271031,2598.71301080346,219.561841580438,34.4393649216443,5.6338073386337,6.40232691637696,4.4691768038392,61.250889301451,83.4805331345468,0.0042832243042686,77.9250806708062,0.0303552677327232,2.17273379724417,1.58959696196641,1.77407944176636
447.444551286073,37.5271663955764,38.1721021058614,0.276174151839785,2635.92176387261,286.02815435206,42.1424519169934,3.11698913213823,6.30326700225905,1.51547946989378,50.0535656277742,79.7403302516643,0.0044165048748254,94.3455203138464,0.0308868633060441,2.19112191187234,1.57293689064681,1.79728893581074
532.853671183096,35.0746773376083,35.1277174343366,0.157407626634982,2508.46345918787,313.593404823812,66.4940305459469,6.92474471210969,5.52725410806667,2.03921432425663,59.0201710929883,71.5994151886342,0.0013197183143347,50.4562877004989,0.0089608680596762,2.75812217144073,1.96003521070815,2.28483001980269
504.411161000811,35.4126657867611,54.2598400771798,0.168374433207737,2516.31094656697,171.396127765391,31.1594770741003,6.72811242204007,3.41003891196271,4.7489139489458,60.6365716690244,52.7134823642068,0.005206422142789,106.077346733259,0.0328933267590582,2.22133097368009,1.48761467143265,1.54287659673177
226.940240587508,35.8217046017627,41.9176611390591,0.224183103553495,2222.87101690625,291.634417729056,56.1545219499366,6.4861472246095,6.89395587670958,4.87551142114276,62.4895549522877,55.2034496052252,0.0045885986504987,60.7277864095126,0.029275655111529,1.49602468087222,1.55142516868765,1.26383648970629
208.849420611598,33.2361021914954,44.7728638080933,0.254081483561558,2541.64768830325,154.91738329176,29.9732294612886,4.78361082550699,4.09450666512666,4.98849800063084,52.7854390670791,68.055480973187,0.0077625173007889,91.0135048613386,0.0520196327156419,1.19071938635741,1.33424896195266,0.990612467179022
477.472890312595,32.2076961278876,36.6476209123168,0.236099860414942,2527.25560714056,308.961909749985,65.8046064111418,4.09303810799283,6.80345424900164,1.6042315671236,52.970044031278,87.7446368067039,0.0010088509880006,44.9017743676775,0.0072572865283581,2.32242663883655,1.99889362649992,2.10441506592726
359.037759185117,32.7421520234867,54.6795529591965,0.181866801263008,2647.04960183956,277.705189532817,49.8133886121058,3.91981842356434,3.85241881610033,1.12453633153804,59.5500047612765,64.7410537489504,0.0046336622908711,79.4795343714198,0.03066801594005,1.5940190141091,1.5457922136411,1.33141864202891
587.277371165888,31.8552551570312,52.3724633591122,0.255319370558348,2585.46092232202,244.641981338311,35.6207285533953,6.37913291246755,6.04409596377199,3.50488128652566,43.9373463304716,51.30104717965,0.0050395629735891,114.337319312598,0.0316611863147687,2.35194623510508,1.49762622158464,1.64024237854181
518.61491639047,34.8152235151255,37.3461637792478,0.12503715844051,2542.78264361448,273.330062904147,36.6125405901394,4.72122357959785,3.80209890680134,2.96637818696574,41.926268112254,73.2788560765759,0.0039861946427394,117.526599924723,0.02723356780166,2.59366126815083,1.62672566965757,1.69480795296024
324.144783569429,34.552201490818,35.232410798162,0.114489377558911,2396.24677820334,309.511820127437,59.4982328624601,4.91975533886849,5.40008219247721,2.16665031483721,60.8494565837962,84.4048958875681,0.0041087919958583,60.645315350091,0.0292140139951443,2.08267043478161,1.6114010005177,1.69861581008759
392.202778903131,31.0493017841817,39.8409003172505,0.297332518653429,2271.24777145075,157.923765069671,29.9097025014138,4.99555261380542,5.47262293727247,3.80985988217641,56.7894605046074,50.3908338967673,0.006063300905889,123.697049105661,0.0379548742498144,1.99799482665514,1.43620194564665,1.39703461045095
235.146599657933,33.5062693120918,35.6640621758273,0.115715699431004,2398.46163810079,253.542328676942,51.2394593968822,3.53086301617224,5.27016339304623,3.75785987654906,64.0176009732725,58.0060097697924,0.005521483886127,74.5794244544001,0.0356144006366961,1.69489491649327,1.46871096683237,1.42709133375906
454.572099817454,37.064757264869,35.6317228965128,0.287242449248738,2225.98564182573,170.91356806688,48.7478610370636,5.16518534120428,5.83624207780366,4.48387649498434,61.4226079639728,82.0691233227916,0.0030940612778067,45.5538478064685,0.0218184788034487,2.58290021703491,1.73824234027415,2.34776702796202
232.04593855387,38.9481665606052,45.9518475230747,0.263459553992498,2426.15914225915,312.965022749302,56.3192130693277,5.57431078078609,5.10561064374445,3.92635808702132,42.4488994609176,52.4140833596225,0.0052295393014891,69.2909493232645,0.0330002342294626,1.38879046725557,1.48622764191065,1.17711924121023
548.71342663688,32.1921398735804,54.5173051163826,0.167379158354221,2291.05895784434,181.908936022637,46.5309713330561,6.15879402856991,5.6348311020035,2.99278286581255,56.6609065281289,78.7680711308905,0.0030951253138482,57.7891680866541,0.0215705528412467,2.52583200785422,1.73810933576896,2.07429389180946
589.917264858713,36.5032568634693,38.9908490185829,0.236045648486258,2236.09920448958,349.266783211348,65.6092098210178,3.12261000882322,4.03073155404485,2.85049182695726,66.0481751622514,79.0867627906523,0.0027623793575912,51.5272615426273,0.0192735878127467,2.98965684521696,1.77970258030109,2.45424887895214
338.373997018785,33.710387629846,54.7529912747211,0.108021838282496,2633.51574806122,235.098666889615,37.2421456786369,5.31470163428957,4.75446167675836,3.90103064166054,54.600068242741,84.9369295232664,0.0046171359717845,98.0857263579955,0.0328898136747931,1.57845968173197,1.54785800352692,1.28654419481619
310.73111889402,35.9235032859336,53.2472669123338,0.142132437801133,2511.48329178174,234.344185374691,34.2365824624024,5.52624088037008,5.93245208966112,1.52627074050903,61.4747489404626,86.3613008266256,0.0048593195443487,100.68386356824,0.0347880266462988,1.56027599720135,1.5175850569564,0.978725868227342
588.558037616655,31.8097695270948,52.0877018673915,0.198455571289606,2323.61553720158,197.508664984775,51.7529572253031,6.48299960509004,4.78122102001066,3.05926941571876,50.7770010819929,73.718034057397,0.002740767551586,51.3263558826835,0.0187549376507108,2.60644618297913,1.78240405605174,2.15365947619559
587.764928934115,32.5813343270112,48.1347332908258,0.165038012844938,2586.7365628433,228.216307330352,56.5616767689182,3.52349464287339,6.87928418031417,2.81515816553455,47.0815139003939,52.9398698932005,0.0017483281242303,50.8600355225358,0.0110555472068365,2.41999440370088,1.9064589844712,2.0498807744566
334.801270572514,38.288833658826,43.6177504732361,0.149742854517525,2508.57249330201,253.954789711203,59.2824644195805,5.82710886754178,3.6681676316038,1.67047686515327,41.1001428080062,79.4560806026256,0.0025645857676863,44.127466836343,0.0179172271751726,1.8394695123994,1.8044267790392,1.67441751785779
537.668179587678,38.0567015295005,46.707087287935,0.273654256102651,2302.92060501838,244.926175149962,39.7717295040876,3.44767847759091,4.07899844606795,1.22834742435725,55.9350858400309,87.4642276917984,0.0040314219532798,65.4388329362057,0.0289722399574841,2.52253958281365,1.62107225584001,2.0496536480995
380.879611313374,39.338750175279,41.323122099535,0.201446961737678,2220.78642952519,174.421982802005,57.0443132046682,3.59337280384835,6.94652049183538,4.86047478574418,40.1481994280322,88.0724714169295,0.0027467110194265,39.2171574291302,0.0197812957908582,2.21339340344684,1.78166112257167,2.00525421964475
381.895942253543,35.1559602857925,44.7769316051384,0.23337285150922,2269.82562737815,323.583658904004,46.395009017258,3.11989435949071,4.23171976636476,3.81872305094658,46.0556035636884,76.9372973329966,0.0043726013973355,85.3475918004312,0.0302734103323146,1.97340837271716,1.57842482533305,1.62423882871428
469.04084729005,34.4375021930457,52.3628450875501,0.135429957889477,2546.31297611308,168.780143157883,28.1046848757261,6.35246115859244,6.77845687789609,3.73299211315858,54.9152429202528,74.7138896080485,0.005183340723604,93.530280201304,0.0355983922836268,2.07504688879723,1.48899955658375,1.71250737573639
212.154823878734,39.3094869550697,48.7905350206312,0.235302677155449,2307.83757619885,264.121949327765,36.9269195872653,5.63554188093062,4.57545762261663,3.60493190816596,43.1977909092397,76.3138121841214,0.0075036705182838,113.603627431469,0.0518341951570152,1.3360892098405,1.34977976890296,0.864947245830404
590.869673688527,34.0690796072287,52.4150690067451,0.256477096811654,2483.50813049333,159.642407772111,26.9612711039937,5.9537968370053,6.51406224520539,2.61656128660413,49.8109948468971,76.7037354225433,0.0044477083720266,125.632642537909,0.0307674380152475,2.47769882322114,1.56903645349666,1.60206154859071
519.125459543453,34.3558331481293,51.3566843235004,0.124041811074121,2472.24454898042,302.457026955323,40.7792631038712,3.02303464199248,4.29834331960108,2.46584613948559,51.8851807482776,77.8186882675945,0.0037222220562398,93.0934771784876,0.0258525712276315,2.30731608685056,1.65972224297001,1.89703216686808
295.01765234973,33.7325179162934,39.545392545263,0.114639184753688,2501.72429669068,239.738724524506,47.3968594772565,5.67285119422006,5.47796138403845,2.85397617520228,51.3935734053769,84.533345982873,0.0034825142938643,55.1220283907286,0.0247722861116602,1.73619655915177,1.68968571326695,1.41581039880754
210.256826322574,33.4124782762615,42.6039123757171,0.17976455617938,2490.08618461366,245.836375525946,43.6669696841556,5.13441018690751,5.43162037117377,4.05953304616851,64.3895721614828,78.7249230490597,0.0045729995755103,77.4896366839353,0.0318652238696874,1.3081541507889,1.5533750530612,1.07435440085285
278.311194273418,30.0756287497814,47.949494283092,0.279606109789997,2321.74114828815,153.646516535272,26.9976310673426,6.70813817918522,3.24106956115824,4.73774410722205,50.548680617189,54.0568331379686,0.0088227042173127,122.580523830276,0.0560367073290866,1.40000405881198,1.27063774696123,0.968643675450231
313.949160784769,33.0728996492628,51.0605179566532,0.20783225533505,2355.653849578,201.355313544101,40.4328831936153,5.44133513324367,5.86460269689277,2.09049600293413,52.4064730457605,54.8754437334779,0.0056626865970709,82.4122202868803,0.0360819939788016,1.57479347736063,1.46023880417574,1.33089663876581
272.57533907825,35.2516338366706,49.1809252344486,0.121375384618948,2483.65610981445,286.223570792996,62.2084477820779,4.02625113480545,6.85170750095031,2.93418258687969,64.1797764932547,72.0090616862504,0.0035932408645749,44.7230871031314,0.0244348518996428,1.47867728623541,1.67584489192813,1.35150433996434
580.561336882662,36.0161182014633,51.3837771885358,0.276841292669681,2314.03988597446,276.630275118804,71.4678059832836,3.8481793596329,5.44392395540396,2.64411387922681,65.1958390860016,86.0009249359204,0.0020047652069479,34.6993861739661,0.0143341175866614,2.60516239561298,1.8744043491315,2.36288108801683
512.210206097544,32.7480603554813,51.4522863702735,0.184747650729752,2533.77494964573,197.374111794896,44.2191020100372,3.38214125533867,5.49543729870629,2.80707071494891,57.5982538952642,56.7205683097945,0.0026287377372501,89.2419097491045,0.0168712761461065,2.17953056633627,1.79640778284373,1.83795329733148
286.69592003631,30.9571455552016,35.4727717209267,0.228394300088653,2503.54701804439,322.559415508645,43.7646622290777,5.18678965085628,3.9277883844639,2.56362398362205,57.8342900555851,69.8706743543667,0.0046826143137142,85.7122165002069,0.031592507064587,1.67870532966207,1.53967321078571,1.39354252327011
478.057821619037,34.0431876810429,43.5639922985123,0.243519553131635,2546.21807566218,177.287950511346,28.5652263107388,6.96502397480875,3.5135771578165,1.41643859753666,61.7301645138622,73.1354766802563,0.0052159889322582,117.47495868906,0.0356167905842827,2.13427529312605,1.4870406640645,1.3952377526415
234.263299838572,38.9419087466411,38.8373464943748,0.164674312423104,2313.32820111349,165.883873797797,43.3572450146896,4.41998522332775,3.27769537098437,3.07623916363308,42.0283769077664,82.0142603128944,0.0040999657350285,58.3995706450365,0.0289062201018073,1.71898034869059,1.61250428312142,1.40610141203127
552.031635024583,36.5087736904719,45.6591557310267,0.164866750623075,2366.50095652909,258.002382920902,56.1105032953636,5.67794782079276,6.97655744488467,3.64735675939751,56.7335025211007,79.2260204095698,0.0024086004123091,56.4815941206239,0.0168135976971484,2.58618565969024,1.82392494846135,2.12267389586366
424.918726351163,39.5762528450538,38.5060588471531,0.238000978164133,2300.46684432952,162.028468520157,36.8039184988206,5.14331073789232,3.38670579858687,2.80148374503274,62.6848998668573,63.9028609695592,0.0046866717748343,69.962099271062,0.0309206522451019,2.40191086457023,1.5391660281457,2.0082308020733
570.871127791781,32.3464208185545,42.9863183161861,0.130483202666083,2696.24175107918,309.089992157945,44.6492881197206,6.70800387169718,5.15982852112223,4.36813317750568,55.6287393181612,74.9434275201103,0.0040372889488935,80.1450752897405,0.0277506515374463,2.39383564604909,1.6203388813883,1.97504983320944
251.085393454093,38.2606763025252,50.6405617534077,0.241748939548595,2218.08019026238,301.054084099361,70.5166314272455,4.21251342378131,4.05245027964337,2.44054562988607,42.6292824029151,87.4783129212425,0.0032168314792215,43.5456305048808,0.0231192321649641,1.47102655750236,1.7228960650973,1.33313376887091
358.792606829713,34.4720254050483,47.0118866672123,0.203135885539299,2659.6959866072,211.104862131604,39.5407191295676,4.98785393162332,6.96863205929325,4.40569983098038,46.25531543072,87.2238085857566,0.0044635403901338,67.098732543457,0.032050876765765,1.65873392535118,1.56705745123326,1.34817944241653
352.249317390632,38.7797432044506,52.361133802149,0.261185080023524,2595.01521815353,313.489941698238,69.749620085983,4.21871655639216,3.323677132205,2.61192071506064,45.2057354495952,77.7980435560984,0.002321328734979,41.3374243801112,0.0161215145256932,1.64999285998863,1.83483390812762,1.50331010879488
456.388830938132,38.2248056363436,37.6504934548369,0.272402896454524,2661.37859525669,345.122040171983,58.82092320653,4.94824767527574,5.4250117510039,4.05923920361198,45.2451588178123,70.1026430585377,0.0037941371680967,67.4414038879004,0.0256201619307389,2.2488104500325,1.65073285398791,1.86628184874431
347.013768916612,30.6817230938549,35.5162381389897,0.127033257830964,2681.55755579458,179.274798432449,40.6680328512824,5.19811814358006,6.86328864461287,2.72999151332052,49.3544839925577,70.2456745136097,0.0046587940305471,60.8961638329573,0.0314754733801297,1.88810567044871,1.5426507461816,1.56666384703019
456.330525876082,32.160381825096,47.3917590979565,0.23004021847963,2276.01242656432,171.132936852348,38.5341991026988,3.24539850844267,6.12304634427375,2.83920169507728,41.7449138651642,89.7946526867906,0.0035870321867674,69.9892055809417,0.0259875686685154,2.1544153639517,1.67662097665406,1.7455188482074
593.471570105365,32.3918010421592,37.8449873737439,0.124276987884485,2351.63757378379,289.00704577171,71.7461248824223,3.40418324404258,5.76864536677652,1.24916719252025,55.2826638444936,89.867874154119,0.0014816758921369,36.8386081961304,0.0107372560259789,2.92750411644292,1.93979051348287,2.64958462485969
322.501448314644,36.2389583629163,45.540829278233,0.185216676778074,2265.3551883701,273.043887646202,38.6210865649883,6.54641686096186,4.79913859528529,1.77849004728306,51.0327805263186,66.565190101157,0.0055090916403346,103.494472397372,0.0367133015097624,1.79555995412376,1.46945450157992,1.19740438393046
507.721957456535,30.1103126442864,43.3230799635952,0.196268830327064,2209.59613841152,296.72287611228,39.9767011874784,4.03925283498013,6.04115929248854,1.54843882291599,56.0593039435777,58.6080748806895,0.0052312025800347,110.504099326362,0.0338207807133419,2.44948656118833,1.48612784519791,1.67246986535593
590.349501964021,38.0153711188299,54.1915328864206,0.197570808785272,2254.86809933875,198.240291519908,63.026063771311,5.19183795589477,4.81750933823984,4.37742833095846,42.9424774235273,69.5296454808711,0.0024936497211456,38.7561590047884,0.0168028131323463,2.79615630056859,1.81329378485679,2.55914060739634
494.942830955119,34.7601812936876,42.5177657029153,0.178895255714007,2429.72338420299,214.935185378012,55.6734320743368,6.14006617534822,6.56833875576093,4.82133874601571,63.6071015876588,62.6162758299205,0.0027608771342784,48.1212419817497,0.0181262817757045,2.35840246031242,1.77989035821519,2.16664514781036
301.86824881842,38.4087157942592,35.7685269792465,0.280352398427084,2430.73873231236,237.520624811078,38.6109553466879,5.54880590723312,5.63741568882313,4.58047096282614,59.1000904650162,74.5573433904024,0.0054057408124208,91.2793320172102,0.0371046459128835,1.9042116462044,1.47565555125474,1.57181751998989
260.067600326816,37.3743376872148,45.2444384162534,0.23604555584167,2220.83645030119,253.68160438904,66.4909377460643,3.33916806418321,5.86529355225072,1.28833734399469,42.1377018329577,50.4843390093955,0.0037217116914689,39.9214697139157,0.0233057623255285,1.57338604111368,1.65978603856638,1.45500106191188
341.300563400825,32.9653558128765,41.9940645949169,0.254930706236236,2530.6853055352,297.501671891801,37.5498220490341,3.74078227146987,3.69643734133633,1.39358259885358,59.8090815910401,80.5749064888694,0.0048231395978553,116.928420209131,0.0338312985412759,1.68875145015485,1.52210755026807,1.07885917976554
232.86866699057,39.6786003484503,40.9088955495484,0.253844629567626,2512.33178442713,154.188992206182,42.1437706317345,4.52775855861158,3.82274904878222,1.48554567263762,58.450389041166,80.9853512255115,0.0038076776223223,51.5034369405991,0.0267475408515444,1.50984497036316,1.6490402972097,1.23658514810591
216.780489372654,39.6848877759438,50.9742838330914,0.158564407340192,2689.98516467942,256.060426649831,41.152277918868,5.40752635854528,5.32969063282898,3.99229271771812,64.3530936427041,76.2591442932601,0.0056737991379628,98.5908178240939,0.0391859723686364,1.26564302677851,1.45957205172222,1.0425618698978
571.233456130419,32.2461561184385,42.4433404767502,0.186415376588839,2419.70249484722,217.653501198899,57.367606865495,5.4517583299781,6.77230335097883,1.96277084733002,43.6450412890275,57.8988195943974,0.002181194955483,52.965036116583,0.0140631901081085,2.5746498371975,1.85235063056461,2.1681156670351
314.362715695664,38.1594693896861,52.2273999272687,0.269302867738055,2659.46326681977,279.162162531041,37.6228869210753,4.00896408069344,6.02016771498511,2.84215798909656,65.2599565867018,79.1396270864645,0.0054517103611869,113.969526825192,0.0380447099301282,1.48187615171117,1.47289737832878,0.950950669299441
270.971507787882,35.4502691889693,54.6933947904901,0.287477613299423,2221.5868678985,281.232367536214,39.9869762933153,3.65925926291774,3.52691509381824,3.90391963994118,64.5335598957083,58.5404546524268,0.0065233858750636,108.784752955352,0.0421639787503043,1.45767979029651,1.40859684749618,0.99547735691399
493.1206179065,35.4223720549184,46.8069538091754,0.201672109383255,2348.77422565941,318.14060560224,50.1248504857448,5.26008797143606,5.75554120820036,4.49329166344323,59.0887406193774,80.4448614817263,0.0039551239460706,78.2663745453533,0.0277298546799712,2.32008711156714,1.63060950674116,1.90143931409487
203.732647930837,32.4667886452162,49.52923430226,0.298361990269872,2249.5890497936,242.311494883958,58.4922528554445,4.60597726344515,6.20028387479663,1.81614253851559,56.6525484790685,79.3228518411869,0.0033491602967367,41.8738313907044,0.0233874251339447,1.15992220612794,1.7063549629079,1.05592192716955
342.153827474295,37.8379178448539,46.0845302826403,0.101045922708582,2580.49538001404,187.604946923083,35.8298985410261,3.14124541976095,5.98293513092492,1.80992224066094,68.7422044035814,64.7176300520833,0.0055840247064623,73.349369701456,0.0369547446611749,1.79945153330669,1.46495851761225,1.50305014134682
322.241686196085,38.766507618282,54.9266867525449,0.173661906101369,2424.30531547727,179.777610066488,43.129727044238,5.88828375281094,6.54478312186029,3.37217733674713,51.7457709453348,66.5048736339449,0.0050140582025051,64.8056087150316,0.0334067736912967,1.66640423096981,1.49915650784969,1.38893980506911
447.835734983936,33.5549301044135,50.8839466255416,0.118598127964626,2494.10113347419,150.643652720855,30.6164434855287,4.92389155954449,5.56930210362091,1.25941437793187,57.3995136228439,72.4593835183809,0.0044259219430387,87.0767364339449,0.0301470991025199,2.03341042586856,1.57175975712016,1.68272971738342
470.587174890544,38.0498899968077,40.3964144025642,0.265009882036012,2449.12784113172,270.697533319291,44.5753497031167,3.30823311653732,3.23420371697591,2.33695327478424,63.546909313344,78.3072373896366,0.0038218370173126,65.9081241022724,0.0265911225510432,2.32954636449767,1.64727037283591,1.91417138787302
376.079599182196,31.4745252670628,41.5638550721862,0.186803873234775,2244.3002148398,253.453811288321,37.7132350435963,3.88244781084484,5.39290117625495,3.94265245695676,69.9504253417884,87.3245332537423,0.0045702559873461,99.6396943695538,0.032828666710359,1.99520443701415,1.55371800158172,1.62145369710468
454.470945883293,37.8565161808023,37.3667238184677,0.181980977939257,2619.9011428178,234.249610658814,39.3924418039617,4.53533180773217,5.28748908490874,3.35107744344879,45.5342875940091,64.4894176660915,0.0047070566084349,104.96975700524,0.0311241665321573,2.36008509466473,1.53661792394562,1.58366704893708
209.676705556542,38.3169704367577,40.4614161994562,0.203615753247763,2349.36278679438,155.239341706412,39.8269421929543,6.76271698046136,4.03718703546309,2.71862725095574,66.181907514538,83.6773426716723,0.004884080260988,59.6801895224806,0.0346375727458061,1.5056112634893,1.51448996737649,1.22906458751504
383.274754695157,34.8296887208535,37.6695994483188,0.116120302751424,2563.96965348688,310.528661959142,64.4729999248009,4.98584460942119,4.74740281046071,3.91803291460958,62.9653869697332,56.3563267067741,0.002799651894292,58.2671223327021,0.0179427118919593,2.1091498329107,1.77504351321349,1.77937091256258
500.550034411618,36.5695515626713,54.1322924216691,0.113791603271284,2228.52736057562,177.070816455537,34.9338869586176,4.1287482987728,4.04682273494362,1.98791519628799,67.1876374156311,59.9818479939802,0.0050733145326375,92.5227845510372,0.0329742421912459,2.48456283769784,1.49560112804174,2.08707788346577
379.895936980216,37.7671055695518,36.3073231512877,0.197514238734676,2216.80680009164,301.879652483592,58.6047914805747,3.25061281382141,6.62574981337764,1.55698148447038,55.9726204682565,66.4438241040282,0.0038151210173964,64.73185089194,0.025412885832369,2.37159786775029,1.64810987282544,1.97686004940497
208.729358710195,36.6378968617558,54.267888684271,0.212033636692368,2668.41123101654,329.966669137454,57.4566926027339,3.20903151714409,4.67517327629664,2.0406311638482,61.9246289494218,89.2518836198898,0.0036728760127617,60.3261147850435,0.0265596576248408,1.12241853173788,1.66589049840478,0.909998710396615
279.239053103896,35.6533025457161,44.2786497337667,0.294401065926307,2504.26363634823,280.834920294814,57.3172160112476,4.39802548834727,3.45638313955173,1.60498731493973,46.759507898537,60.0386664536119,0.0035194209176142,52.6759296838599,0.022879638052634,1.46657025889561,1.68507238529821,1.23186231040143
409.356364549746,31.1476887186921,52.2027938669887,0.244562860641696,2233.83418095,262.244557656505,37.1383517055037,5.83134038891907,5.17415286937058,1.32690138298711,53.7490192458596,69.3878514852018,0.005137181840837,108.128371808434,0.0345973594697968,1.96133015847355,1.49176908954978,1.29687915527962
539.990148592264,36.690223373291,44.2459112200121,0.182353108316901,2525.48673357547,339.139629400056,68.789789626414,5.18172747762762,3.24909242352754,3.05001059508132,64.1921085169851,68.3695951038783,0.0011974168894781,47.9209337254824,0.008033757144995,2.44243140113192,1.97532288881522,2.23681580809313
280.545512854389,32.5862083488803,38.2941270686459,0.166043012974299,2578.3757528443102,307.255639876806,74.5140093829388,5.07754343801574,3.81952509660285,4.51132031260816,66.3874556485458,84.8231370018402,0.0021136868745088,44.2440361559137,0.0150506731559307,1.62530747181465,1.86078914068639,1.47511025904799
593.99586245635,37.7201247630999,35.5433484245111,0.113040918252098,2431.96568840616,240.247868836197,53.8882163696612,6.63688082344624,5.15480719181085,2.99125003213716,43.1642109986989,76.2712041889717,0.0017815459286794,52.494045869313,0.0123047459758554,3.0,1.90230675891507,2.47118638743308
510.244740370131,39.6447665390081,39.0753291825537,0.204665926238948,2343.56897904228,226.084001501512,34.9941164814601,6.17141767613535,5.31037346352463,3.53832967020121,63.9374247884768,65.8388189064981,0.0054071471095085,134.483936543528,0.0359357400311357,2.70137192141719,1.47557117342948,1.80538726366718
263.181929134139,36.958991181688,50.865227008765,0.163352335413505,2628.58962849937,256.605773449228,35.5742356698142,6.62457301906306,4.10761794951123,4.93408589086088,44.2213458414627,58.0806267360996,0.0080143909234742,116.230079423993,0.0517089758109585,1.38089153565614,1.31913654459154,0.944307136833947
461.717020929984,31.5210428322227,43.8064683673669,0.22305960501396,2241.73204249469,328.797942001574,66.4678925478447,6.52966547362935,6.21441414176614,3.02082709430655,69.0137984577751,66.7104391710039,0.0031105987727642,44.5104081677021,0.0207407291192181,2.2479119641607,1.73617515340447,2.06053676877921
453.868509301576,31.6595489529578,52.6385551660928,0.185497937584123,2281.11670289124,283.583999760725,36.1892605589393,3.05043007990303,5.23902273455353,3.1095984884907,61.5806086710747,85.610322120712,0.0049784881994128,106.237100045048,0.0355476904577115,2.13555740400903,1.50268897507339,1.34279440867825
274.964777639032,38.5817705315716,51.3812702772331,0.208158750997108,2555.12139931165,296.299298068072,70.7646570140494,4.25740045273499,4.88467159573125,4.28654759084188,53.7779559151964,64.3119306130176,0.0028547766020221,47.4631148059484,0.0188637878787339,1.44192499607487,1.76815292474722,1.32346225612275
334.083218948349,31.7376159313574,49.2402804066156,0.265195642541616,2250.31873926176,315.649850487443,50.3306649591434,3.95949645102377,3.56788795904397,2.39176564632866,53.5105293671623,79.9530534785322,0.0040611019358038,84.2704448716378,0.0284229471853969,1.66682216785681,1.61736225802451,1.36687242914527
340.949978643861,38.4144755308476,44.4257433479632,0.29582098760303,2517.07106914786,274.185713495686,42.3988897984499,3.50505896625801,5.70471024830173,2.30041606172679,60.5898159005829,52.7856459264962,0.005671267011807,94.2661014142141,0.0358403723700315,1.72060816729188,1.45972397929158,1.45772393706579
290.871822809406,38.3704112524294,40.5855217690882,0.228576382011741,2547.07528675491,321.147451781157,66.3159169071467,5.05061901258021,4.22124270678692,1.85057750548438,40.9956806368727,62.1578560496289,0.003204278686099,51.8356292882434,0.0210006707633312,1.69468435513447,1.72446516423761,1.41987797342501
548.48179290522,37.660647765353,50.7689468650659,0.232996980695199,2330.143428783,337.660963689696,46.9946727939202,6.62878012282331,5.68292924762333,3.24176252392176,43.3296840764044,67.882221752257,0.0046050646342337,93.3757076625531,0.0308403736382817,2.5241054395889,1.54936692072078,2.10035301045376
418.659288075115,33.804005489704,54.5360065702131,0.122144118665263,2411.27421415597,322.912721904534,52.1373489977632,3.16809870068562,5.95961648306772,4.6723062087966,48.4011198865146,84.3336670719648,0.0039496805561745,65.8012707750064,0.0280756789074985,1.9792556456107,1.63128993047818,1.61441219438239
501.584761438713,38.0490677684143,35.360131112009,0.292562071414805,2563.33549603516,332.154032328783,60.38420294491,4.21900438154453,6.31757865943538,2.12608479365972,66.1826151869838,54.5032156164774,0.0025368378008314,47.3007397426483,0.0161408344452256,2.54124329016204,1.80789527489607,2.34492816016512
238.613788078176,32.4189382825883,35.2480807255462,0.193753593092901,2350.63263038,258.139695328982,39.8926089442754,5.39342993719103,4.18895123083446,2.19967644602793,62.2957959619481,51.9257134391341,0.007382323592871,86.5045415661118,0.0464949284493149,1.63935807337439,1.35706058442773,1.39029742849478
467.121873290562,35.9322157010738,52.846049962793,0.137066035905742,2239.48458109541,320.452774878236,39.9923330945788,3.95804067963815,6.17831311480076,1.13868106690593,57.4842050525046,89.8175006476524,0.0042818998917937,117.867480888614,0.0310242381165777,2.31437848982784,1.58976251352578,1.43575940884422
225.456363714656,38.3137351438571,46.9795701635442,0.122986599411913,2246.92864241167,254.289137808717,36.4761378921373,6.63850727774637,5.67680105175231,4.31714719726702,66.369367008468,72.8708940819328,0.0069703439988556,90.2834697445683,0.0475500999756596,1.50106111254607,1.38177936006865,1.24157133594861
326.778635116447,34.3459596085871,50.4775931146031,0.220384686203026,2646.26164497742,236.085482064198,42.8396260877315,4.77352005751675,5.42835831487501,3.52523021236795,57.7509148691897,78.1053509234206,0.0044400603510439,71.6058365494656,0.030870113551206,1.50796207382508,1.5699924561195,1.23938595948725
241.689921123339,33.8451132764481,44.7533413724252,0.230444851909094,2675.2655262931,252.472755509158,55.3126255143268,5.40260426619342,5.97437566470623,3.02506423798081,59.0231209412899,52.8372886453509,0.0042546931654214,56.538606907018,0.0268936270990768,1.28797572314582,1.59316335432231,1.09112500577918
388.997342002605,30.4564874550238,37.8004819510663,0.155362861558261,2685.76634545052,222.370618641027,51.1029614173332,4.3253880284122,4.92816423244833,1.78439085095357,58.323402132273,61.2273286206389,0.0040438543073832,68.0767063284026,0.02640913145122,1.91053686499471,1.61951821157708,1.60250611002036
202.202319664168,30.0766403264922,39.3813761820371,0.107344272500164,2254.01287706534,253.314525689195,57.0391782428078,4.355442597355,6.21034271831925,3.2881945734772,55.3800317786924,61.7395529283248,0.0038642193466801,66.110185785693,0.0252854761054263,1.4067227199143,1.64197258166497,1.17920001610124
234.837106718308,36.170665161178,37.276767869532,0.169044628560338,2453.7059693589,229.403008247438,33.3653396369946,6.4968900987407,4.97418632136047,3.80903506412665,69.7845051699721,55.2595647959192,0.0089094980923778,112.679164306225,0.0568558651402609,1.64162051380649,1.26543011445733,1.13186594073919
368.731271415532,34.1102107526554,53.152220051131,0.242806528893371,2503.95260704535,228.915215119529,50.9068408957528,4.23749087145112,6.29516153688517,4.82024204593995,64.6359484765068,50.0626042076589,0.0037031937390565,50.8449027126493,0.0231507567568496,1.68768003567888,1.66210078261792,1.43442237445563
303.042888133488,30.5952470034777,47.0759090589877,0.237317982698521,2257.24381903295,160.22707628842,32.7010415254321,4.53535553217991,4.82494603582216,2.47621208704366,43.6307500145557,66.757911607499,0.0050447448889803,83.6964690171312,0.0336431402794249,1.56286305743608,1.49731530666118,1.30224327784953
232.072005632761,33.5477129183598,53.8345142323785,0.233714529344582,2539.33497833628,164.201532906651,30.9787122505407,4.44767996335146,5.37464316483415,1.04052473611097,59.0828813922862,86.5314779030494,0.0056812651334586,87.1583457097385,0.0406965323762244,1.18618909604797,1.45912409199248,0.964927490889667
489.589222186437,31.2055841640369,53.0490661457168,0.113288768871154,2466.98373627388,324.739718693268,47.2398235684337,3.56854849517383,3.04682644292361,2.68813704051055,48.8512212296246,69.4400197519041,0.003642050397715,84.5378663140026,0.0245328532774444,2.15867391279201,1.66974370028561,1.79290816237061
249.201318049498,35.5864239645042,41.8633470634531,0.245834697509889,2526.14582429596,158.747814461789,33.7731801474524,6.38241745195962,5.7699713066769,2.71972430956059,60.1889986718329,61.0152469702167,0.0065263200741098,70.1492377149788,0.0425867261487619,1.44527810749247,1.4084207955534,1.21256629607392
378.567806560632,37.9838034051835,51.4484474733655,0.271512467532256,2658.3176179206,307.797031984158,57.4253499642811,4.72394088205318,4.27546727328455,3.32879498637645,51.1351727031288,74.0429666720093,0.0039789364673197,60.7627138820062,0.0272599888425935,1.69433216206168,1.62763294158503,1.39944556604867
349.821154808048,31.6686020169875,43.6105867692441,0.128518828816381,2645.0485175919,287.681003698427,42.0676507478621,4.38350984295143,3.61783898889329,1.101791039623,59.3746715885945,75.4760926981897,0.0049370382912456,82.7982880536732,0.0340009004493428,1.68909834218477,1.50787021359428,1.3927019649152
